Program	Message	Time	Details
Super Hexagon	key down	22595450	Volume_Up
Super Hexagon	key up	22595450	Volume_Up
Super Hexagon	key down	22595637	Volume_Up
Super Hexagon	key up	22595637	Volume_Up
Resolution	1600	900
Super Hexagon	key up	22597368	Home
Super Hexagon	key down	22598336	Right
Super Hexagon	key up	22598445	Right
Super Hexagon	key down	22598991	Left
Super Hexagon	key up	22599084	Left
Super Hexagon	key down	22599350	Left
Super Hexagon	key up	22599459	Left
Super Hexagon	key down	22599911	Right
Super Hexagon	key up	22599989	Right
Super Hexagon	key down	22600332	Return
Super Hexagon	key up	22600410	Return
Super Hexagon	key down	22601924	Right
Super Hexagon	key up	22602095	Right
Super Hexagon	key down	22602594	Right
Super Hexagon	key up	22602704	Right
Super Hexagon	key down	22604248	Space
Super Hexagon	key up	22604388	Space
Super Hexagon	key down	22605137	Left
Super Hexagon	key up	22605262	Left
Super Hexagon	key down	22606619	Left
Super Hexagon	key up	22606760	Left
Super Hexagon	key down	22607352	Right
Super Hexagon	key up	22607415	Right
Super Hexagon	key down	22607789	Right
Super Hexagon	key up	22607930	Right
Super Hexagon	key down	22608507	Left
Super Hexagon	key up	22608616	Left
Super Hexagon	key down	22608975	Left
Super Hexagon	key up	22609302	Left
Super Hexagon	key down	22610769	Space
Super Hexagon	key up	22610878	Space
Super Hexagon	key down	22612173	Left
Super Hexagon	key up	22612282	Left
Super Hexagon	key down	22613202	Left
Super Hexagon	key up	22613312	Left
Super Hexagon	key down	22613764	Left
Super Hexagon	key up	22613858	Left
Super Hexagon	key down	22614326	Left
Super Hexagon	key up	22614435	Left
Super Hexagon	key down	22614840	Right
Super Hexagon	key up	22614950	Right
Super Hexagon	key down	22615496	Left
Super Hexagon	key up	22615854	Left
Super Hexagon	key down	22617118	Space
Super Hexagon	key up	22617243	Space
Super Hexagon	key down	22617851	Left
Super Hexagon	key up	22618023	Left
Super Hexagon	key down	22618850	Left
Super Hexagon	key up	22618974	Left
Super Hexagon	key down	22619739	Right
Super Hexagon	key up	22619832	Right
Super Hexagon	key down	22620082	Left
Super Hexagon	key up	22620160	Left
Super Hexagon	key down	22620503	Left
Super Hexagon	key up	22620597	Left
Super Hexagon	key down	22621845	Space
Super Hexagon	key up	22621954	Space
Super Hexagon	key down	22622391	Left
Super Hexagon	key up	22622484	Left
Super Hexagon	key down	22624310	Left
Super Hexagon	key up	22624419	Left
Super Hexagon	key down	22624918	Left
Super Hexagon	key up	22625012	Left
Super Hexagon	key down	22625324	Right
Super Hexagon	key up	22625605	Right
Super Hexagon	key down	22625932	Left
Super Hexagon	key up	22626088	Left
Super Hexagon	key down	22626494	Left
Super Hexagon	key up	22626587	Left
Super Hexagon	key down	22626931	Left
Super Hexagon	key up	22627274	Left
Super Hexagon	key down	22627633	Left
Super Hexagon	key up	22627991	Left
Super Hexagon	key down	22629068	Space
Super Hexagon	key up	22629255	Space
Super Hexagon	key down	22630191	Left
Super Hexagon	key up	22630331	Left
Super Hexagon	key down	22631158	Left
Super Hexagon	key up	22631267	Left
Super Hexagon	key down	22632125	Space
Super Hexagon	key up	22632266	Space
Super Hexagon	key down	22632999	Right
Super Hexagon	key up	22633061	Right
Super Hexagon	key down	22634590	Right
Super Hexagon	key up	22634699	Right
Super Hexagon	key down	22635089	Right
Super Hexagon	key up	22635183	Right
Super Hexagon	key down	22636634	Right
Super Hexagon	key up	22636915	Right
Super Hexagon	key down	22637305	Right
Super Hexagon	key up	22637710	Right
Super Hexagon	key down	22637913	Right
Super Hexagon	key up	22638163	Right
Super Hexagon	key down	22638974	Right
Super Hexagon	key up	22639192	Right
Super Hexagon	key down	22639535	Left
Super Hexagon	key up	22639879	Left
Super Hexagon	key down	22640269	Left
Super Hexagon	key up	22640612	Left
Super Hexagon	key down	22640986	Right
Super Hexagon	key up	22641002	Right
Super Hexagon	key down	22641127	Right
Super Hexagon	key up	22641173	Right
Super Hexagon	key down	22641439	Left
Super Hexagon	key up	22641626	Left
Super Hexagon	key down	22641875	Left
Super Hexagon	key up	22641938	Left
Super Hexagon	key down	22643451	Space
Super Hexagon	key up	22643545	Space
Super Hexagon	key down	22644387	Right
Super Hexagon	key up	22644449	Right
Super Hexagon	key down	22645354	Left
Super Hexagon	key up	22645495	Left
Super Hexagon	key down	22646883	Right
Super Hexagon	key up	22647008	Right
Super Hexagon	key down	22647491	Right
Super Hexagon	key up	22647569	Right
Super Hexagon	key down	22647928	Right
Super Hexagon	key up	22648256	Right
Super Hexagon	key down	22648474	Right
Super Hexagon	key up	22648802	Right
Super Hexagon	key down	22649145	Left
Super Hexagon	key up	22649519	Left
Super Hexagon	key down	22649831	Right
Super Hexagon	key up	22649925	Right
Super Hexagon	key down	22650331	Left
Super Hexagon	key up	22650533	Left
Super Hexagon	key down	22651485	Space
Super Hexagon	key up	22651625	Space
Super Hexagon	key down	22652421	Left
Super Hexagon	key up	22652671	Left
Super Hexagon	key down	22653123	Left
Super Hexagon	key up	22653185	Left
Super Hexagon	key down	22654870	Right
Super Hexagon	key up	22655089	Right
Super Hexagon	key down	22655541	Left
Super Hexagon	key up	22655697	Left
Super Hexagon	key down	22656134	Left
Super Hexagon	key up	22656212	Left
Super Hexagon	key down	22656555	Left
Super Hexagon	key up	22656883	Left
Super Hexagon	key down	22657101	Left
Super Hexagon	key up	22657476	Left
Super Hexagon	key down	22657959	Right
Super Hexagon	key up	22658131	Right
Super Hexagon	key down	22659394	Right
Super Hexagon	key up	22659613	Right
Super Hexagon	key down	22660018	Right
Super Hexagon	key up	22660346	Right
Super Hexagon	key down	22660627	Right
Super Hexagon	key up	22660954	Right
Super Hexagon	key down	22661251	Right
Super Hexagon	key up	22661282	Right
Super Hexagon	key down	22661329	Right
Super Hexagon	key up	22661376	Right
Super Hexagon	key down	22661532	Left
Super Hexagon	key up	22661890	Left
Super Hexagon	key down	22662982	Space
Super Hexagon	key up	22663123	Space
Super Hexagon	key down	22665588	Right
Super Hexagon	key up	22665728	Right
Super Hexagon	key down	22665993	Right
Super Hexagon	key up	22666290	Right
Super Hexagon	key down	22666758	Right
Super Hexagon	key up	22666867	Right
Super Hexagon	key down	22667148	Left
Super Hexagon	key up	22667288	Left
Super Hexagon	key down	22667600	Left
Super Hexagon	key up	22667740	Left
Super Hexagon	key down	22668130	Left
Super Hexagon	key up	22668474	Left
Super Hexagon	key down	22668723	Left
Super Hexagon	key up	22668973	Left
Super Hexagon	key down	22669456	Right
Super Hexagon	key up	22669581	Right
Super Hexagon	key down	22669940	Right
Super Hexagon	key up	22670158	Right
Super Hexagon	key down	22670533	Left
Super Hexagon	key up	22670782	Left
Super Hexagon	key down	22671016	Left
Super Hexagon	key up	22671219	Left
Super Hexagon	key down	22671562	Left
Super Hexagon	key up	22671890	Left
Super Hexagon	key down	22672124	Left
Super Hexagon	key up	22672436	Left
Super Hexagon	key down	22672904	Left
Super Hexagon	key up	22673029	Left
Super Hexagon	key down	22674386	Space
Super Hexagon	key up	22674511	Space
Super Hexagon	key down	22675166	Left
Super Hexagon	key up	22675260	Left
Super Hexagon	key down	22675790	Right
Super Hexagon	key up	22675899	Right
Super Hexagon	key down	22676632	Right
Super Hexagon	key up	22676695	Right
Super Hexagon	key down	22677834	Left
Super Hexagon	key up	22677927	Left
Super Hexagon	key down	22679019	Left
Super Hexagon	key up	22679144	Left
Super Hexagon	key down	22679752	Left
Super Hexagon	key up	22679955	Left
Super Hexagon	key down	22680376	Space
Super Hexagon	key up	22680548	Space
Super Hexagon	key down	22680891	Space
Super Hexagon	key up	22681047	Space
Super Hexagon	key down	22682061	Right
Super Hexagon	key up	22682139	Right
Super Hexagon	key down	22682467	Right
Super Hexagon	key up	22682592	Right
Super Hexagon	key down	22682919	Right
Super Hexagon	key up	22683013	Right
Super Hexagon	key down	22683481	Right
Super Hexagon	key up	22683621	Right
Super Hexagon	key down	22684963	Left
Super Hexagon	key up	22685103	Left
Super Hexagon	key down	22685571	Left
Super Hexagon	key up	22685805	Left
Super Hexagon	key down	22686242	Space
Super Hexagon	key up	22686382	Space
Super Hexagon	key down	22687350	Space
Super Hexagon	key up	22687459	Space
Super Hexagon	key down	22688099	Right
Super Hexagon	key up	22688177	Right
Super Hexagon	key down	22688582	Right
Super Hexagon	key up	22688613	Right
Super Hexagon	key down	22688863	Right
Super Hexagon	key up	22688988	Right
Super Hexagon	key down	22689237	Right
Super Hexagon	key up	22689315	Right
Super Hexagon	key down	22689768	Right
Super Hexagon	key up	22690017	Right
Super Hexagon	key down	22690345	Right
Super Hexagon	key up	22690641	Right
Super Hexagon	key down	22690844	Right
Super Hexagon	key up	22690953	Right
Super Hexagon	key down	22691484	Right
Super Hexagon	key up	22691702	Right
Super Hexagon	key down	22691905	Right
Super Hexagon	key up	22691999	Right
Super Hexagon	key down	22692061	Right
Super Hexagon	key up	22692233	Right
Super Hexagon	key down	22692794	Space
Super Hexagon	key up	22692903	Space
Super Hexagon	key down	22693559	Space
Super Hexagon	key up	22693699	Space
Super Hexagon	key down	22694307	Left
Super Hexagon	key up	22694385	Left
Super Hexagon	key down	22695493	Left
Super Hexagon	key up	22695633	Left
Super Hexagon	key down	22696429	Space
Super Hexagon	key up	22696569	Space
Super Hexagon	key down	22697271	Space
Super Hexagon	key up	22697365	Space
Super Hexagon	key down	22699003	Right
Super Hexagon	key up	22699097	Right
Super Hexagon	key down	22699689	Right
Super Hexagon	key up	22699814	Right
Super Hexagon	key down	22701265	Space
Super Hexagon	key up	22701390	Space
Super Hexagon	key down	22702295	Right
Super Hexagon	key up	22702357	Right
Super Hexagon	key down	22702669	Right
Super Hexagon	key up	22702778	Right
Super Hexagon	key down	22703277	Left
Super Hexagon	key up	22703387	Left
Super Hexagon	key down	22706444	Left
Super Hexagon	key up	22706803	Left
Super Hexagon	key down	22706975	Left
Super Hexagon	key up	22707037	Left
Super Hexagon	key down	22707957	Space
Super Hexagon	key up	22708176	Space
Super Hexagon	key down	22709127	Right
Super Hexagon	key up	22709237	Right
Super Hexagon	key down	22709954	Right
Super Hexagon	key up	22710079	Right
Super Hexagon	key down	22710781	Right
Super Hexagon	key up	22710906	Right
Super Hexagon	key down	22712013	Right
Super Hexagon	key up	22712107	Right
Super Hexagon	key down	22712497	Left
Super Hexagon	key up	22712606	Left
Super Hexagon	key down	22713027	Left
Super Hexagon	key up	22713449	Left
Super Hexagon	key down	22714447	Space
Super Hexagon	key up	22714634	Space
Super Hexagon	key down	22716007	Left
Super Hexagon	key up	22716132	Left
Super Hexagon	key down	22716662	Left
Super Hexagon	key up	22716771	Left
Super Hexagon	key down	22717177	Left
Super Hexagon	key up	22717302	Left
Super Hexagon	key down	22718441	Space
Super Hexagon	key up	22718519	Space
Super Hexagon	key down	22719533	Left
Super Hexagon	key up	22719626	Left
Super Hexagon	key down	22719767	Left
Super Hexagon	key up	22719954	Left
Super Hexagon	key down	22720438	Left
Super Hexagon	key up	22720562	Left
Super Hexagon	key down	22720952	Left
Super Hexagon	key up	22721093	Left
Super Hexagon	key down	22721483	Left
Super Hexagon	key up	22721576	Left
Super Hexagon	key down	22722528	Left
Super Hexagon	key up	22722622	Left
Super Hexagon	key down	22722996	Left
Super Hexagon	key up	22723183	Left
Super Hexagon	key down	22724260	Space
Super Hexagon	key up	22724462	Space
Super Hexagon	key down	22724977	Space
Super Hexagon	key up	22725133	Space
Super Hexagon	key down	22727863	Left
Super Hexagon	key up	22728222	Left
Super Hexagon	key down	22728409	Left
Super Hexagon	key up	22728721	Left
Super Hexagon	key down	22729298	Right
Super Hexagon	key up	22729361	Right
Super Hexagon	key down	22729688	Right
Super Hexagon	key up	22729766	Right
Super Hexagon	key down	22730063	Left
Super Hexagon	key up	22730375	Left
Super Hexagon	key down	22730656	Right
Super Hexagon	key up	22731061	Right
Super Hexagon	key down	22732434	Left
Super Hexagon	key up	22732606	Left
Super Hexagon	key down	22733464	Left
Super Hexagon	key up	22733760	Left
Super Hexagon	key down	22734025	Left
Super Hexagon	key up	22734462	Left
Super Hexagon	key down	22735492	Space
Super Hexagon	key up	22735726	Space
Super Hexagon	key down	22736194	Right
Super Hexagon	key up	22736287	Right
Super Hexagon	key down	22737130	Left
Super Hexagon	key up	22737254	Left
Super Hexagon	key down	22737769	Left
Super Hexagon	key up	22737863	Left
Super Hexagon	key down	22738175	Right
Super Hexagon	key up	22738284	Right
Super Hexagon	key down	22739111	Right
Super Hexagon	key up	22739220	Right
Super Hexagon	key down	22740702	Right
Super Hexagon	key up	22741045	Right
Super Hexagon	key down	22741264	Right
Super Hexagon	key up	22741544	Right
Super Hexagon	key down	22741981	Right
Super Hexagon	key up	22742231	Right
Super Hexagon	key down	22742558	Left
Super Hexagon	key up	22742699	Left
Super Hexagon	key down	22742839	Left
Super Hexagon	key up	22743089	Left
Super Hexagon	key down	22743978	Space
Super Hexagon	key up	22744165	Space
Super Hexagon	key down	22745008	Right
Super Hexagon	key up	22745086	Right
Super Hexagon	key down	22746037	Right
Super Hexagon	key up	22746146	Right
Super Hexagon	key down	22746630	Left
Super Hexagon	key up	22746739	Left
Super Hexagon	key down	22747379	Space
Super Hexagon	key up	22747504	Space
Super Hexagon	key down	22747909	Space
Super Hexagon	key up	22748034	Space
Super Hexagon	key down	22748564	Right
Super Hexagon	key up	22748642	Right
Super Hexagon	key down	22750327	Left
Super Hexagon	key up	22750437	Left
Super Hexagon	key down	22751388	Right
Super Hexagon	key up	22751482	Right
Super Hexagon	key down	22751919	Right
Super Hexagon	key up	22752043	Right
Super Hexagon	key down	22752433	Left
Super Hexagon	key up	22752777	Left
Super Hexagon	key down	22753089	Left
Super Hexagon	key up	22753432	Left
Super Hexagon	key down	22753635	Left
Super Hexagon	key up	22753931	Left
Super Hexagon	key down	22755397	Right
Super Hexagon	key up	22755491	Right
Super Hexagon	key down	22755943	Left
Super Hexagon	key up	22756053	Left
Super Hexagon	key down	22756396	Left
Super Hexagon	key up	22756723	Left
Super Hexagon	key down	22756957	Left
Super Hexagon	key up	22757285	Left
Super Hexagon	key down	22757644	Left
Super Hexagon	key up	22757737	Left
Super Hexagon	key down	22757847	Right
Super Hexagon	key up	22758096	Right
Super Hexagon	key down	22758330	Left
Super Hexagon	key up	22758533	Left
Super Hexagon	key down	22759032	Space
Super Hexagon	key up	22759188	Space
Super Hexagon	key down	22759516	Space
Super Hexagon	key up	22759641	Space
Super Hexagon	key down	22760514	Right
Super Hexagon	key up	22760592	Right
Super Hexagon	key down	22760935	Right
Super Hexagon	key up	22761029	Right
Super Hexagon	key down	22762027	Right
Super Hexagon	key up	22762152	Right
Super Hexagon	key down	22762542	Right
Super Hexagon	key up	22762714	Right
Super Hexagon	key down	22763073	Right
Super Hexagon	key up	22763213	Right
Super Hexagon	key down	22763603	Right
Super Hexagon	key up	22763790	Right
Super Hexagon	key down	22764133	Right
Super Hexagon	key up	22764508	Right
Super Hexagon	key down	22764867	Space
Super Hexagon	key up	22765007	Space
Super Hexagon	key down	22765615	Space
Super Hexagon	key up	22765740	Space
Super Hexagon	key down	22766364	Left
Super Hexagon	key up	22766551	Left
Super Hexagon	key down	22767331	Left
Super Hexagon	key up	22767409	Left
Super Hexagon	key down	22768657	Left
Super Hexagon	key up	22768751	Left
Super Hexagon	key down	22770623	Right
Super Hexagon	key up	22770997	Right
Super Hexagon	key down	22771575	Space
Super Hexagon	key up	22771746	Space
Super Hexagon	key down	22772089	Space
Super Hexagon	key up	22772245	Space
Super Hexagon	key down	22772667	Space
Super Hexagon	key up	22772807	Space
Super Hexagon	key down	22774242	Left
Super Hexagon	key up	22774351	Left
Super Hexagon	key down	22775677	Left
Super Hexagon	key up	22775787	Left
Super Hexagon	key down	22776676	Left
Super Hexagon	key up	22776801	Left
Super Hexagon	key down	22777362	Left
Super Hexagon	key up	22777581	Left
Super Hexagon	key down	22777815	Left
Super Hexagon	key up	22777908	Left
Super Hexagon	key down	22778236	Space
Super Hexagon	key up	22778392	Space
Super Hexagon	key down	22778735	Space
Super Hexagon	key up	22778875	Space
Super Hexagon	key down	22780810	Right
Super Hexagon	key up	22780872	Right
Super Hexagon	key down	22781262	Left
Super Hexagon	key up	22781372	Left
Super Hexagon	key down	22782760	Right
Super Hexagon	key up	22782854	Right
Super Hexagon	key down	22783368	Right
Super Hexagon	key up	22783462	Right
Super Hexagon	key down	22783914	Right
Super Hexagon	key up	22784273	Right
Super Hexagon	key down	22784554	Right
Super Hexagon	key up	22784960	Right
Super Hexagon	key down	22785194	Space
Super Hexagon	key up	22785334	Space
Super Hexagon	key down	22785630	Space
Super Hexagon	key up	22785755	Space
Super Hexagon	key down	22786052	Space
Super Hexagon	key up	22786192	Space
Super Hexagon	key down	22786816	Left
Super Hexagon	key up	22787003	Left
Super Hexagon	key down	22787440	Left
Super Hexagon	key up	22787502	Left
Super Hexagon	key down	22787705	Left
Super Hexagon	key up	22787783	Left
Super Hexagon	key down	22788204	Left
Super Hexagon	key up	22788314	Left
Super Hexagon	key down	22788641	Left
Super Hexagon	key up	22789000	Left
Super Hexagon	key down	22789203	Space
Super Hexagon	key up	22789343	Space
Super Hexagon	key down	22789749	Space
Super Hexagon	key up	22789889	Space
Super Hexagon	key down	22790513	Space
Super Hexagon	key up	22790638	Space
Super Hexagon	key down	22791824	Right
Super Hexagon	key up	22791933	Right
Super Hexagon	key down	22792619	Right
Super Hexagon	key up	22792744	Right
Super Hexagon	key down	22793290	Right
Super Hexagon	key up	22793368	Right
Super Hexagon	key down	22793898	Space
Super Hexagon	key up	22794023	Space
Super Hexagon	key down	22794366	Space
Super Hexagon	key up	22794522	Space
Super Hexagon	key down	22795256	Left
Super Hexagon	key up	22795396	Left
Super Hexagon	key down	22795989	Left
Super Hexagon	key up	22796051	Left
Super Hexagon	key down	22796441	Left
Super Hexagon	key up	22796504	Left
Super Hexagon	key down	22797580	Space
Super Hexagon	key up	22797767	Space
Super Hexagon	key down	22798313	Space
Super Hexagon	key up	22798454	Space
Super Hexagon	key down	22799046	Left
Super Hexagon	key up	22799312	Left
Super Hexagon	key down	22799858	Right
Super Hexagon	key up	22799936	Right
Super Hexagon	key down	22800419	Left
Super Hexagon	key up	22800575	Left
Super Hexagon	key down	22800887	Left
Super Hexagon	key up	22801028	Left
Super Hexagon	key down	22801371	Left
Super Hexagon	key up	22801464	Left
Super Hexagon	key down	22802260	Left
Super Hexagon	key up	22802385	Left
Super Hexagon	key down	22802775	Right
Super Hexagon	key up	22803071	Right
Super Hexagon	key down	22803492	Left
Super Hexagon	key up	22804007	Left
Super Hexagon	key down	22804241	Space
Super Hexagon	key up	22804382	Space
Super Hexagon	key down	22804709	Space
Super Hexagon	key up	22804850	Space
Super Hexagon	key down	22805193	Space
Super Hexagon	key up	22805318	Space
Super Hexagon	key down	22806051	Right
Super Hexagon	key up	22806176	Right
Super Hexagon	key down	22806659	Right
Super Hexagon	key up	22806768	Right
Super Hexagon	key down	22808094	Right
Super Hexagon	key up	22808422	Right
Super Hexagon	key down	22808609	Right
Super Hexagon	key up	22808937	Right
Super Hexagon	key down	22810278	Right
Super Hexagon	key up	22810606	Right
Super Hexagon	key down	22810809	Left
Super Hexagon	key up	22811168	Left
Super Hexagon	key down	22811480	Left
Super Hexagon	key up	22811636	Left
Super Hexagon	key down	22812073	Left
Super Hexagon	key up	22812182	Left
Super Hexagon	key down	22812728	Left
Super Hexagon	key up	22812962	Left
Super Hexagon	key down	22813196	Left
Super Hexagon	key up	22813539	Left
Super Hexagon	key down	22813913	Left
Super Hexagon	key up	22814272	Left
Super Hexagon	key down	22814600	Space
Super Hexagon	key up	22814725	Space
Super Hexagon	key down	22815115	Space
Super Hexagon	key up	22815302	Space
Super Hexagon	key down	22815536	Space
Super Hexagon	key up	22815661	Space
Super Hexagon	key down	22816300	Left
Super Hexagon	key up	22816597	Left
Super Hexagon	key down	22817782	Left
Super Hexagon	key up	22817891	Left
Super Hexagon	key down	22818437	Left
Super Hexagon	key up	22818609	Left
Super Hexagon	key down	22819405	Left
Super Hexagon	key up	22819483	Left
Super Hexagon	key down	22819841	Left
Super Hexagon	key up	22819951	Left
Super Hexagon	key down	22820263	Left
Super Hexagon	key up	22820606	Left
Super Hexagon	key down	22820902	Right
Super Hexagon	key up	22821292	Right
Super Hexagon	key down	22821526	Right
Super Hexagon	key up	22821713	Right
Super Hexagon	key down	22821979	Right
Super Hexagon	key up	22822228	Right
Super Hexagon	key down	22822556	Space
Super Hexagon	key up	22822696	Space
Super Hexagon	key down	22822977	Space
Super Hexagon	key up	22823117	Space
Super Hexagon	key down	22823492	Space
Super Hexagon	key up	22823632	Space
Super Hexagon	key down	22824334	Left
Super Hexagon	key up	22824521	Left
Super Hexagon	key down	22825925	Left
Super Hexagon	key up	22826081	Left
Super Hexagon	key down	22826503	Left
Super Hexagon	key up	22826861	Left
Super Hexagon	key down	22827189	Right
Super Hexagon	key up	22827298	Right
Super Hexagon	key down	22827829	Space
Super Hexagon	key up	22827985	Space
Super Hexagon	key down	22828328	Space
Super Hexagon	key up	22828453	Space
Super Hexagon	key down	22828749	Space
Super Hexagon	key up	22828874	Space
Super Hexagon	key down	22829888	Left
Super Hexagon	key up	22829935	Left
Super Hexagon	key down	22830418	Right
Super Hexagon	key up	22830559	Right
Super Hexagon	key down	22830855	Right
Super Hexagon	key up	22830933	Right
Super Hexagon	key down	22831713	Right
Super Hexagon	key up	22831807	Right
Super Hexagon	key down	22832399	Right
Super Hexagon	key up	22832477	Right
Super Hexagon	key down	22832914	Right
Super Hexagon	key up	22833039	Right
Super Hexagon	key down	22833382	Left
Super Hexagon	key up	22833507	Left
Super Hexagon	key down	22833897	Left
Super Hexagon	key up	22834240	Left
Super Hexagon	key down	22834521	Left
Super Hexagon	key up	22834833	Left
Super Hexagon	key down	22835722	Space
Super Hexagon	key up	22835847	Space
Super Hexagon	key down	22836190	Space
Super Hexagon	key up	22836331	Space
Super Hexagon	key down	22837064	Left
Super Hexagon	key up	22837204	Left
Super Hexagon	key down	22838702	Left
Super Hexagon	key up	22838827	Left
Super Hexagon	key down	22840168	Left
Super Hexagon	key up	22840433	Left
Super Hexagon	key down	22841120	Right
Super Hexagon	key up	22841151	Right
Super Hexagon	key down	22841354	Right
Super Hexagon	key up	22841697	Right
Super Hexagon	key down	22842040	Right
Super Hexagon	key up	22842446	Right
Super Hexagon	key down	22843164	Space
Super Hexagon	key up	22843335	Space
Super Hexagon	key down	22843741	Space
Super Hexagon	key up	22843881	Space
Super Hexagon	key down	22844396	Left
Super Hexagon	key up	22844739	Left
Super Hexagon	key down	22845129	Left
Super Hexagon	key up	22845207	Left
Super Hexagon	key down	22845613	Right
Super Hexagon	key up	22845660	Right
Super Hexagon	key down	22846252	Left
Super Hexagon	key up	22846346	Left
Super Hexagon	key down	22848312	Left
Super Hexagon	key up	22848686	Left
Super Hexagon	key down	22848889	Left
Super Hexagon	key up	22849216	Left
Super Hexagon	key down	22849591	Left
Super Hexagon	key up	22849887	Left
Super Hexagon	key down	22850246	Space
Super Hexagon	key up	22850371	Space
Super Hexagon	key down	22850683	Space
Super Hexagon	key up	22850808	Space
Super Hexagon	key down	22851151	Space
Super Hexagon	key up	22851291	Space
Super Hexagon	key down	22851790	Left
Super Hexagon	key up	22852102	Left
Super Hexagon	key down	22852602	Left
Super Hexagon	key up	22852711	Left
Super Hexagon	key down	22853132	Left
Super Hexagon	key up	22853210	Left
Super Hexagon	key down	22853569	Left
Super Hexagon	key up	22853678	Left
Super Hexagon	key down	22854021	Left
Super Hexagon	key up	22854115	Left
Super Hexagon	key down	22855238	Left
Super Hexagon	key up	22855722	Left
Super Hexagon	key down	22856002	Space
Super Hexagon	key up	22856127	Space
Super Hexagon	key down	22856408	Space
Super Hexagon	key up	22856580	Space
Super Hexagon	key down	22856923	Space
Super Hexagon	key up	22857079	Space
Super Hexagon	key down	22857781	Right
Super Hexagon	key up	22857906	Right
Super Hexagon	key down	22860308	Left
Super Hexagon	key up	22860620	Left
Super Hexagon	key down	22861182	Space
Super Hexagon	key up	22861369	Space
Super Hexagon	key down	22861884	Space
Super Hexagon	key up	22862008	Space
Super Hexagon	key down	22862835	Right
Super Hexagon	key up	22862960	Right
Super Hexagon	key down	22863412	Right
Super Hexagon	key up	22863490	Right
Super Hexagon	key down	22864380	Right
Super Hexagon	key up	22864489	Right
Super Hexagon	key down	22865253	Right
Super Hexagon	key up	22865425	Right
Super Hexagon	key down	22866111	Right
Super Hexagon	key up	22866439	Right
Super Hexagon	key down	22866922	Space
Super Hexagon	key up	22867063	Space
Super Hexagon	key down	22867406	Space
Super Hexagon	key up	22867546	Space
Super Hexagon	key down	22868202	Left
Super Hexagon	key up	22868467	Left
Super Hexagon	key down	22871556	Right
Super Hexagon	key up	22871618	Right
Super Hexagon	key down	22872180	Left
Super Hexagon	key up	22872429	Left
Super Hexagon	key down	22873209	Space
Super Hexagon	key up	22873365	Space
Super Hexagon	key down	22873771	Space
Super Hexagon	key up	22873896	Space
Super Hexagon	key down	22874629	Right
Super Hexagon	key up	22874707	Right
Super Hexagon	key down	22877281	Right
Super Hexagon	key up	22877375	Right
Super Hexagon	key down	22878077	Left
Super Hexagon	key up	22878451	Left
Super Hexagon	key down	22879028	Space
Super Hexagon	key up	22879184	Space
Super Hexagon	key down	22880058	Space
Super Hexagon	key up	22880183	Space
Super Hexagon	key down	22882975	Right
Super Hexagon	key up	22883100	Right
Super Hexagon	key down	22883568	Left
Super Hexagon	key up	22883724	Left
Super Hexagon	key down	22884098	Right
Super Hexagon	key up	22884207	Right
Super Hexagon	key down	22884566	Right
Super Hexagon	key up	22884707	Right
Super Hexagon	key down	22885019	Right
Super Hexagon	key up	22885362	Right
Super Hexagon	key down	22885611	Left
Super Hexagon	key up	22885877	Left
Super Hexagon	key down	22886095	Space
Super Hexagon	key up	22886204	Space
Super Hexagon	key down	22886532	Space
Super Hexagon	key up	22886672	Space
Super Hexagon	key down	22886953	Space
Super Hexagon	key up	22887109	Space
Super Hexagon	key down	22887889	Right
Super Hexagon	key up	22887967	Right
Super Hexagon	key down	22888482	Right
Super Hexagon	key up	22888575	Right
Super Hexagon	key down	22888685	Right
Super Hexagon	key up	22888841	Right
Super Hexagon	key down	22889231	Right
Super Hexagon	key up	22889277	Right
Super Hexagon	key down	22889511	Right
Super Hexagon	key up	22889792	Right
Super Hexagon	key down	22890135	Space
Super Hexagon	key up	22890245	Space
Super Hexagon	key down	22890650	Space
Super Hexagon	key up	22890837	Space
Super Hexagon	key down	22891118	Space
Super Hexagon	key up	22891259	Space
Super Hexagon	key down	22891992	Right
Super Hexagon	key up	22892163	Right
Super Hexagon	key down	22892507	Left
Super Hexagon	key up	22892600	Left
Super Hexagon	key down	22893645	Right
Super Hexagon	key up	22893739	Right
Super Hexagon	key down	22894254	Right
Super Hexagon	key up	22894550	Right
Super Hexagon	key down	22894893	Space
Super Hexagon	key up	22895034	Space
Super Hexagon	key down	22895408	Space
Super Hexagon	key up	22895580	Space
Super Hexagon	key down	22895845	Space
Super Hexagon	key up	22895939	Space
Super Hexagon	key down	22896516	Left
Super Hexagon	key up	22896641	Left
Super Hexagon	key down	22896984	Right
Super Hexagon	key up	22897109	Right
Super Hexagon	key down	22900041	Right
Super Hexagon	key up	22900244	Right
Super Hexagon	key down	22900650	Right
Super Hexagon	key up	22900977	Right
Super Hexagon	key down	22901289	Left
Super Hexagon	key up	22901633	Left
Super Hexagon	key down	22902038	Space
Super Hexagon	key up	22902163	Space
Super Hexagon	key down	22902631	Space
Super Hexagon	key up	22902803	Space
Super Hexagon	key down	22903551	Right
Super Hexagon	key up	22903754	Right
Super Hexagon	key down	22904207	Right
Super Hexagon	key up	22904285	Right
Super Hexagon	key down	22904753	Right
Super Hexagon	key up	22904893	Right
Super Hexagon	key down	22905346	Left
Super Hexagon	key up	22905704	Left
Super Hexagon	key down	22905907	Space
Super Hexagon	key up	22906032	Space
Super Hexagon	key down	22906516	Space
Super Hexagon	key up	22906687	Space
Super Hexagon	key down	22907420	Left
Super Hexagon	key up	22907623	Left
Super Hexagon	key down	22908590	Left
Super Hexagon	key up	22908746	Left
Super Hexagon	key down	22909682	Right
Super Hexagon	key up	22909714	Right
Super Hexagon	key down	22910338	Space
Super Hexagon	key up	22910540	Space
Super Hexagon	key down	22910930	Space
Super Hexagon	key up	22911071	Space
Super Hexagon	key down	22912600	Right
Super Hexagon	key up	22912693	Right
Super Hexagon	key down	22913442	Right
Super Hexagon	key up	22913551	Right
Super Hexagon	key down	22915049	Left
Super Hexagon	key up	22915142	Left
Super Hexagon	key down	22915532	Right
Super Hexagon	key up	22915766	Right
Super Hexagon	key down	22916702	Space
Super Hexagon	key up	22916874	Space
Super Hexagon	key down	22917139	Space
Super Hexagon	key up	22917295	Space
Super Hexagon	key down	22917888	Left
Super Hexagon	key up	22917966	Left
Super Hexagon	key down	22918684	Right
Super Hexagon	key up	22918840	Right
Super Hexagon	key down	22919183	Right
Super Hexagon	key up	22919245	Right
Super Hexagon	key down	22919698	Right
Super Hexagon	key up	22919838	Right
Super Hexagon	key down	22920992	Right
Super Hexagon	key up	22921242	Right
Super Hexagon	key down	22921757	Right
Super Hexagon	key up	22921866	Right
Super Hexagon	key down	22922240	Right
Super Hexagon	key up	22922537	Right
Super Hexagon	key down	22922849	Left
Super Hexagon	key up	22923192	Left
Super Hexagon	key down	22923504	Left
Super Hexagon	key up	22923676	Left
Super Hexagon	key down	22924034	Right
Super Hexagon	key up	22924112	Right
Super Hexagon	key down	22924643	Space
Super Hexagon	key up	22924752	Space
Super Hexagon	key down	22924986	Space
Super Hexagon	key up	22925111	Space
Super Hexagon	key down	22925938	Left
Super Hexagon	key up	22926296	Left
Super Hexagon	key down	22927513	Left
Super Hexagon	key up	22927638	Left
Super Hexagon	key down	22928012	Left
Super Hexagon	key up	22928122	Left
Super Hexagon	key down	22929635	Right
Super Hexagon	key up	22929806	Right
Super Hexagon	key down	22929931	Left
Super Hexagon	key up	22930228	Left
Super Hexagon	key down	22930477	Space
Super Hexagon	key up	22930602	Space
Super Hexagon	key down	22930898	Space
Super Hexagon	key up	22931054	Space
Super Hexagon	key down	22931585	Space
Super Hexagon	key up	22931756	Space
Super Hexagon	key down	22933582	Right
Super Hexagon	key up	22933722	Right
Super Hexagon	key down	22935641	Right
Super Hexagon	key up	22935734	Right
Super Hexagon	key down	22936140	Left
Super Hexagon	key up	22936265	Left
Super Hexagon	key down	22936593	Right
Super Hexagon	key up	22936936	Right
Super Hexagon	key down	22937248	Right
Super Hexagon	key up	22937591	Right
Super Hexagon	key down	22938558	Right
Super Hexagon	key up	22938683	Right
Super Hexagon	key down	22939011	Left
Super Hexagon	key up	22939385	Left
Super Hexagon	key down	22939588	Left
Super Hexagon	key up	22939931	Left
Super Hexagon	key down	22940711	Space
Super Hexagon	key up	22940883	Space
Super Hexagon	key down	22941148	Space
Super Hexagon	key up	22941273	Space
Super Hexagon	key down	22941897	Right
Super Hexagon	key up	22942115	Right
Super Hexagon	key down	22942427	Left
Super Hexagon	key up	22942599	Left
Super Hexagon	key down	22943067	Left
Super Hexagon	key up	22943191	Left
Super Hexagon	key down	22943550	Left
Super Hexagon	key up	22943909	Left
Super Hexagon	key down	22944112	Left
Super Hexagon	key up	22944315	Left
Super Hexagon	key down	22944689	Left
Super Hexagon	key up	22944798	Left
Super Hexagon	key down	22945734	Left
Super Hexagon	key up	22945906	Left
Super Hexagon	key down	22946202	Left
Super Hexagon	key up	22946592	Left
Super Hexagon	key down	22946889	Left
Super Hexagon	key up	22947201	Left
Super Hexagon	key down	22947700	Right
Super Hexagon	key up	22947778	Right
Super Hexagon	key down	22948620	Space
Super Hexagon	key up	22948729	Space
Super Hexagon	key down	22949041	Space
Super Hexagon	key up	22949166	Space
Super Hexagon	key down	22949790	Left
Super Hexagon	key up	22949837	Left
Super Hexagon	key down	22950149	Left
Super Hexagon	key up	22950243	Left
Super Hexagon	key down	22951990	Left
Super Hexagon	key up	22952271	Left
Super Hexagon	key down	22952473	Left
Super Hexagon	key up	22952832	Left
Super Hexagon	key down	22953378	Space
Super Hexagon	key up	22953550	Space
Super Hexagon	key down	22953877	Space
Super Hexagon	key up	22954033	Space
Super Hexagon	key down	22954283	Space
Super Hexagon	key up	22954408	Space
Super Hexagon	key down	22954985	Left
Super Hexagon	key up	22955079	Left
Super Hexagon	key down	22956951	Left
Super Hexagon	key up	22957060	Left
Super Hexagon	key down	22958994	Left
Super Hexagon	key up	22959306	Left
Super Hexagon	key down	22959665	Left
Super Hexagon	key up	22959993	Left
Super Hexagon	key down	22960242	Left
Super Hexagon	key up	22960648	Left
Super Hexagon	key down	22961553	Right
Super Hexagon	key up	22961677	Right
Super Hexagon	key down	22961974	Right
Super Hexagon	key up	22962411	Right
Super Hexagon	key down	22962707	Right
Super Hexagon	key up	22963050	Right
Super Hexagon	key down	22963456	Space
Super Hexagon	key up	22963612	Space
Super Hexagon	key down	22963955	Space
Super Hexagon	key up	22964111	Space
Super Hexagon	key down	22964844	Left
Super Hexagon	key up	22964907	Left
Super Hexagon	key down	22966014	Left
Super Hexagon	key up	22966123	Left
Super Hexagon	key down	22966560	Right
Super Hexagon	key up	22966685	Right
Super Hexagon	key down	22968042	Left
Super Hexagon	key up	22968136	Left
Super Hexagon	key down	22968386	Right
Super Hexagon	key up	22968464	Right
Super Hexagon	key down	22968854	Space
Super Hexagon	key up	22968994	Space
Super Hexagon	key down	22969384	Space
Super Hexagon	key up	22969524	Space
Super Hexagon	key down	22969930	Space
Super Hexagon	key up	22970070	Space
Super Hexagon	key down	22971022	Right
Super Hexagon	key up	22971084	Right
Super Hexagon	key down	22971864	Left
Super Hexagon	key up	22971989	Left
Super Hexagon	key down	22972488	Left
Super Hexagon	key up	22972769	Left
Super Hexagon	key down	22973206	Right
Super Hexagon	key up	22973284	Right
Super Hexagon	key down	22973799	Space
Super Hexagon	key up	22973939	Space
Super Hexagon	key down	22974454	Space
Super Hexagon	key up	22974594	Space
Super Hexagon	key down	22975296	Right
Super Hexagon	key up	22975390	Right
Super Hexagon	key down	22977200	Right
Super Hexagon	key up	22977309	Right
Super Hexagon	key down	22977995	Right
Super Hexagon	key up	22978104	Right
Super Hexagon	key down	22978572	Right
Super Hexagon	key up	22978900	Right
Super Hexagon	key down	22979352	Space
Super Hexagon	key up	22979462	Space
Super Hexagon	key down	22980226	Space
Super Hexagon	key up	22980335	Space
Super Hexagon	key down	22981178	Right
Super Hexagon	key up	22981287	Right
Super Hexagon	key down	22982722	Right
Super Hexagon	key up	22982816	Right
Super Hexagon	key down	22983190	Right
Super Hexagon	key up	22983393	Right
Super Hexagon	key down	22983705	Right
Super Hexagon	key up	22984017	Right
Super Hexagon	key down	22984454	Right
Super Hexagon	key up	22984563	Right
Super Hexagon	key down	22984844	Right
Super Hexagon	key up	22985046	Right
Super Hexagon	key down	22985405	Left
Super Hexagon	key up	22985764	Left
Super Hexagon	key down	22985936	Left
Super Hexagon	key up	22986232	Left
Super Hexagon	key down	22986544	Left
Super Hexagon	key up	22986825	Left
Super Hexagon	key down	22987636	Left
Super Hexagon	key up	22987823	Left
Super Hexagon	key down	22987995	Right
Super Hexagon	key up	22988026	Right
Super Hexagon	key down	22988369	Left
Super Hexagon	key up	22988556	Left
Super Hexagon	key down	22989165	Space
Super Hexagon	key up	22989305	Space
Super Hexagon	key down	22989789	Space
Super Hexagon	key up	22989945	Space
Super Hexagon	key down	22990678	Right
Super Hexagon	key up	22990787	Right
Super Hexagon	key down	22991006	Right
Super Hexagon	key up	22991130	Right
Super Hexagon	key down	22992207	Right
Super Hexagon	key up	22992332	Right
Super Hexagon	key down	22992675	Right
Super Hexagon	key up	22992956	Right
Super Hexagon	key down	22993330	Right
Super Hexagon	key up	22993548	Right
Super Hexagon	key down	22994375	Left
Super Hexagon	key up	22994500	Left
Super Hexagon	key down	22994828	Right
Super Hexagon	key up	22995186	Right
Super Hexagon	key down	22995420	Left
Super Hexagon	key up	22995764	Left
Super Hexagon	key down	22996122	Left
Super Hexagon	key up	22996216	Left
Super Hexagon	key down	22997214	Right
Super Hexagon	key up	22997526	Right
Super Hexagon	key down	22997760	Right
Super Hexagon	key up	22998057	Right
Super Hexagon	key down	22998306	Left
Super Hexagon	key up	22998462	Left
Super Hexagon	key down	22998821	Space
Super Hexagon	key up	22998946	Space
Super Hexagon	key down	22999227	Space
Super Hexagon	key up	22999352	Space
Super Hexagon	key down	23000428	Left
Super Hexagon	key up	23000491	Left
Super Hexagon	key down	23000881	Right
Super Hexagon	key up	23001005	Right
Super Hexagon	key down	23001817	Left
Super Hexagon	key up	23002129	Left
Super Hexagon	key down	23002597	Space
Super Hexagon	key up	23002737	Space
Super Hexagon	key down	23003096	Space
Super Hexagon	key up	23003236	Space
Super Hexagon	key down	23005654	Right
Super Hexagon	key up	23005748	Right
Super Hexagon	key down	23007167	Right
Super Hexagon	key up	23007355	Right
Super Hexagon	key down	23008228	Space
Super Hexagon	key up	23008353	Space
Super Hexagon	key down	23008696	Space
Super Hexagon	key up	23008852	Space
Super Hexagon	key down	23009367	Left
Super Hexagon	key up	23009710	Left
Super Hexagon	key down	23010209	Right
Super Hexagon	key up	23010272	Right
Super Hexagon	key down	23011598	Left
Super Hexagon	key up	23011691	Left
Super Hexagon	key down	23012674	Right
Super Hexagon	key up	23012783	Right
Super Hexagon	key down	23013220	Right
Super Hexagon	key up	23013407	Right
Super Hexagon	key down	23013797	Left
Super Hexagon	key up	23014078	Left
Super Hexagon	key down	23014437	Right
Super Hexagon	key up	23014749	Right
Super Hexagon	key down	23015763	Right
Super Hexagon	key up	23015857	Right
Super Hexagon	key down	23016200	Right
Super Hexagon	key up	23016481	Right
Super Hexagon	key down	23016761	Left
Super Hexagon	key up	23016855	Left
Super Hexagon	key down	23017167	Space
Super Hexagon	key up	23017292	Space
Super Hexagon	key down	23017557	Space
Super Hexagon	key up	23017697	Space
Super Hexagon	key down	23017978	Space
Super Hexagon	key up	23018119	Space
Super Hexagon	key down	23018977	Right
Super Hexagon	key up	23019039	Right
Super Hexagon	key down	23020006	Right
Super Hexagon	key up	23020084	Right
Super Hexagon	key down	23020412	Right
Super Hexagon	key up	23020630	Right
Super Hexagon	key down	23020942	Left
Super Hexagon	key up	23021129	Left
Super Hexagon	key down	23022424	Left
Super Hexagon	key up	23022627	Left
Super Hexagon	key down	23023048	Right
Super Hexagon	key up	23023376	Right
Super Hexagon	key down	23023610	Left
Super Hexagon	key up	23023844	Left
Super Hexagon	key down	23024156	Space
Super Hexagon	key up	23024296	Space
Super Hexagon	key down	23024733	Space
Super Hexagon	key up	23024873	Space
Super Hexagon	key down	23025669	Left
Super Hexagon	key up	23025731	Left
Super Hexagon	key down	23027525	Right
Super Hexagon	key up	23027822	Right
Super Hexagon	key down	23028196	Right
Super Hexagon	key up	23028524	Right
Super Hexagon	key down	23029881	Right
Super Hexagon	key up	23030193	Right
Super Hexagon	key down	23030521	Right
Super Hexagon	key up	23030848	Right
Super Hexagon	key down	23031238	Space
Super Hexagon	key up	23031394	Space
Super Hexagon	key down	23031769	Space
Super Hexagon	key up	23031940	Space
Super Hexagon	key down	23032190	Space
Super Hexagon	key up	23032284	Space
Super Hexagon	key down	23032814	Left
Super Hexagon	key up	23032876	Left
Super Hexagon	key down	23033812	Left
Super Hexagon	key up	23033906	Left
Super Hexagon	key down	23034826	Left
Super Hexagon	key up	23034920	Left
Super Hexagon	key down	23035357	Left
Super Hexagon	key up	23035560	Left
Super Hexagon	key down	23035887	Right
Super Hexagon	key up	23036074	Right
Super Hexagon	key down	23036386	Right
Super Hexagon	key up	23036761	Right
Super Hexagon	key down	23037057	Right
Super Hexagon	key up	23037385	Right
Super Hexagon	key down	23037619	Right
Super Hexagon	key up	23037962	Right
Super Hexagon	key down	23038570	Left
Super Hexagon	key up	23038633	Left
Super Hexagon	key down	23039319	Right
Super Hexagon	key up	23039616	Right
Super Hexagon	key down	23040255	Space
Super Hexagon	key up	23040411	Space
Super Hexagon	key down	23040739	Space
Super Hexagon	key up	23040895	Space
Super Hexagon	key down	23041410	Right
Super Hexagon	key up	23041503	Right
Super Hexagon	key down	23041690	Right
Super Hexagon	key up	23041800	Right
Super Hexagon	key down	23045528	Right
Super Hexagon	key up	23045856	Right
Super Hexagon	key down	23046230	Space
Super Hexagon	key up	23046370	Space
Super Hexagon	key down	23046760	Space
Super Hexagon	key up	23046916	Space
Super Hexagon	key down	23048398	Right
Super Hexagon	key up	23048523	Right
Super Hexagon	key down	23050848	Right
Super Hexagon	key up	23051082	Right
Super Hexagon	key down	23051456	Left
Super Hexagon	key up	23051643	Left
Super Hexagon	key down	23051971	Left
Super Hexagon	key up	23052408	Left
Super Hexagon	key down	23052610	Left
Super Hexagon	key up	23052876	Left
Super Hexagon	key down	23053312	Right
Super Hexagon	key up	23053422	Right
Super Hexagon	key down	23054311	Left
Super Hexagon	key up	23054420	Left
Super Hexagon	key down	23054826	Right
Super Hexagon	key up	23054950	Right
Super Hexagon	key down	23055278	Left
Super Hexagon	key up	23055637	Left
Super Hexagon	key down	23056011	Left
Super Hexagon	key up	23056339	Left
Super Hexagon	key down	23056588	Left
Super Hexagon	key up	23056744	Left
Super Hexagon	key down	23057368	Right
Super Hexagon	key up	23057540	Right
Super Hexagon	key down	23058320	Space
Super Hexagon	key up	23058445	Space
Super Hexagon	key down	23058726	Space
Super Hexagon	key up	23058866	Space
Super Hexagon	key down	23059662	Left
Super Hexagon	key up	23059942	Left
Super Hexagon	key down	23060301	Left
Super Hexagon	key up	23060457	Left
Super Hexagon	key down	23061253	Left
Super Hexagon	key up	23061378	Left
Super Hexagon	key down	23061830	Left
Super Hexagon	key up	23061908	Left
Super Hexagon	key down	23062376	Left
Super Hexagon	key up	23062501	Left
Super Hexagon	key down	23063250	Left
Super Hexagon	key up	23063437	Left
Super Hexagon	key down	23063749	Left
Super Hexagon	key up	23064061	Left
Super Hexagon	key down	23064311	Right
Super Hexagon	key up	23064638	Right
Super Hexagon	key down	23064981	Left
Super Hexagon	key up	23065215	Left
Super Hexagon	key down	23065808	Right
Super Hexagon	key up	23066167	Right
Super Hexagon	key down	23066744	Space
Super Hexagon	key up	23066885	Space
Super Hexagon	key down	23067353	Space
Super Hexagon	key up	23067462	Space
Super Hexagon	key down	23068257	Right
Super Hexagon	key up	23068351	Right
Super Hexagon	key down	23068835	Right
Super Hexagon	key up	23068959	Right
Super Hexagon	key down	23069381	Right
Super Hexagon	key up	23069505	Right
Super Hexagon	key down	23069895	Right
Super Hexagon	key up	23070098	Right
Super Hexagon	key down	23070426	Left
Super Hexagon	key up	23070566	Left
Super Hexagon	key down	23070847	Left
Super Hexagon	key up	23071081	Left
Super Hexagon	key down	23071689	Space
Super Hexagon	key up	23071814	Space
Super Hexagon	key down	23072111	Space
Super Hexagon	key up	23072251	Space
Super Hexagon	key down	23072579	Space
Super Hexagon	key up	23072703	Space
Super Hexagon	key down	23074201	Left
Super Hexagon	key up	23074295	Left
Super Hexagon	key down	23074607	Right
Super Hexagon	key up	23074731	Right
Super Hexagon	key down	23075028	Right
Super Hexagon	key up	23075168	Right
Super Hexagon	key down	23076104	Left
Super Hexagon	key up	23076354	Left
Super Hexagon	key down	23076666	Left
Super Hexagon	key up	23076791	Left
Super Hexagon	key down	23077165	Right
Super Hexagon	key up	23077290	Right
Super Hexagon	key down	23077602	Right
Super Hexagon	key up	23077898	Right
Super Hexagon	key down	23078132	Left
Super Hexagon	key up	23078288	Left
Super Hexagon	key down	23078335	Left
Super Hexagon	key up	23078553	Left
Super Hexagon	key down	23078725	Right
Super Hexagon	key up	23078928	Right
Super Hexagon	key down	23079146	Space
Super Hexagon	key up	23079255	Space
Super Hexagon	key down	23079489	Space
Super Hexagon	key up	23079599	Space
Super Hexagon	key down	23079895	Space
Super Hexagon	key up	23080035	Space
Super Hexagon	key down	23080519	Left
Super Hexagon	key up	23080831	Left
Super Hexagon	key down	23081377	Left
Super Hexagon	key up	23081424	Left
Super Hexagon	key down	23082344	Left
Super Hexagon	key up	23082453	Left
Super Hexagon	key down	23083592	Right
Super Hexagon	key up	23083623	Right
Super Hexagon	key down	23084606	Right
Super Hexagon	key up	23084949	Right
Super Hexagon	key down	23085261	Space
Super Hexagon	key up	23085386	Space
Super Hexagon	key down	23085745	Space
Super Hexagon	key up	23085901	Space
Super Hexagon	key down	23086151	Space
Super Hexagon	key up	23086291	Space
Super Hexagon	key down	23088132	Left
Super Hexagon	key up	23088257	Left
Super Hexagon	key down	23089551	Right
Super Hexagon	key up	23089661	Right
Super Hexagon	key down	23090612	Right
Super Hexagon	key up	23090940	Right
Super Hexagon	key down	23091751	Space
Super Hexagon	key up	23091907	Space
Super Hexagon	key down	23092375	Space
Super Hexagon	key up	23092500	Space
Super Hexagon	key down	23093358	Right
Super Hexagon	key up	23093452	Right
Super Hexagon	key down	23093920	Left
Super Hexagon	key up	23094013	Left
Super Hexagon	key down	23094388	Right
Super Hexagon	key up	23094497	Right
Super Hexagon	key down	23094840	Right
Super Hexagon	key up	23094934	Right
Super Hexagon	key down	23095261	Right
Super Hexagon	key up	23095433	Right
Super Hexagon	key down	23096322	Right
Super Hexagon	key up	23096416	Right
Super Hexagon	key down	23096806	Right
Super Hexagon	key up	23097024	Right
Super Hexagon	key down	23097414	Right
Super Hexagon	key up	23097710	Right
Super Hexagon	key down	23098007	Left
Super Hexagon	key up	23098256	Left
Super Hexagon	key down	23098693	Left
Super Hexagon	key up	23098818	Left
Super Hexagon	key down	23099832	Right
Super Hexagon	key up	23099957	Right
Super Hexagon	key down	23100347	Right
Super Hexagon	key up	23100628	Right
Super Hexagon	key down	23100971	Right
Super Hexagon	key up	23101314	Right
Super Hexagon	key down	23101532	Right
Super Hexagon	key up	23101876	Right
Super Hexagon	key down	23102390	Right
Super Hexagon	key up	23102780	Right
Super Hexagon	key down	23103576	Space
Super Hexagon	key up	23103732	Space
Super Hexagon	key down	23103997	Space
Super Hexagon	key up	23104138	Space
Super Hexagon	key down	23105230	Left
Super Hexagon	key up	23105308	Left
Super Hexagon	key down	23105744	Left
Super Hexagon	key up	23105869	Left
Super Hexagon	key down	23106712	Left
Super Hexagon	key up	23106821	Left
Super Hexagon	key down	23107164	Left
Super Hexagon	key up	23107367	Left
Super Hexagon	key down	23107679	Right
Super Hexagon	key up	23107866	Right
Super Hexagon	key down	23108194	Left
Super Hexagon	key up	23108771	Left
Super Hexagon	key down	23109114	Space
Super Hexagon	key up	23109239	Space
Super Hexagon	key down	23109551	Space
Super Hexagon	key up	23109707	Space
Super Hexagon	key down	23109956	Space
Super Hexagon	key up	23110097	Space
Super Hexagon	key down	23111953	Left
Super Hexagon	key up	23112062	Left
Super Hexagon	key down	23112359	Right
Super Hexagon	key up	23112952	Right
Super Hexagon	key down	23113186	Space
Super Hexagon	key up	23113326	Space
Super Hexagon	key down	23113825	Space
Super Hexagon	key up	23113950	Space
Super Hexagon	key down	23116820	Right
Super Hexagon	key up	23116976	Right
Super Hexagon	key down	23117242	Right
Super Hexagon	key up	23117257	Right
Super Hexagon	key down	23117928	Right
Super Hexagon	key up	23118084	Right
Super Hexagon	key down	23118365	Left
Super Hexagon	key up	23118536	Left
Super Hexagon	key down	23118677	Right
Super Hexagon	key up	23118848	Right
Super Hexagon	key down	23119753	Space
Super Hexagon	key up	23119894	Space
Super Hexagon	key down	23120206	Space
Super Hexagon	key up	23120346	Space
Super Hexagon	key down	23121220	Left
Super Hexagon	key up	23121376	Left
Super Hexagon	key down	23122202	Left
Super Hexagon	key up	23122280	Left
Super Hexagon	key down	23124745	Right
Super Hexagon	key up	23124964	Right
Super Hexagon	key down	23125260	Left
Super Hexagon	key up	23125619	Left
Super Hexagon	key down	23125884	Right
Super Hexagon	key up	23126227	Right
Super Hexagon	key down	23126586	Right
Super Hexagon	key up	23126695	Right
Super Hexagon	key down	23127678	Right
Super Hexagon	key up	23127819	Right
Super Hexagon	key down	23128302	Right
Super Hexagon	key up	23128458	Right
Super Hexagon	key down	23128677	Space
Super Hexagon	key up	23128817	Space
Super Hexagon	key down	23129113	Space
Super Hexagon	key up	23129254	Space
Super Hexagon	key down	23130174	Right
Super Hexagon	key up	23130252	Right
Super Hexagon	key down	23130861	Right
Super Hexagon	key up	23130939	Right
Super Hexagon	key down	23131703	Right
Super Hexagon	key up	23131797	Right
Super Hexagon	key down	23132140	Left
Super Hexagon	key up	23132343	Left
Super Hexagon	key down	23132639	Right
Super Hexagon	key up	23132795	Right
Super Hexagon	key down	23133450	Space
Super Hexagon	key up	23133575	Space
Super Hexagon	key down	23133996	Space
Super Hexagon	key up	23134168	Space
Super Hexagon	key down	23134464	Space
Super Hexagon	key up	23134573	Space
Super Hexagon	key down	23135728	Left
Super Hexagon	key up	23135790	Left
Super Hexagon	key down	23137569	Right
Super Hexagon	key up	23137647	Right
Super Hexagon	key down	23138161	Right
Super Hexagon	key up	23138349	Right
Super Hexagon	key down	23138723	Left
Super Hexagon	key up	23138895	Left
Super Hexagon	key down	23139269	Right
Super Hexagon	key up	23139612	Right
Super Hexagon	key down	23139846	Right
Super Hexagon	key up	23140158	Right
Super Hexagon	key down	23140611	Left
Super Hexagon	key up	23140704	Left
Super Hexagon	key down	23142155	Right
Super Hexagon	key up	23142467	Right
Super Hexagon	key down	23142701	Right
Super Hexagon	key up	23143060	Right
Super Hexagon	key down	23143434	Right
Super Hexagon	key up	23143777	Right
Super Hexagon	key down	23144401	Space
Super Hexagon	key up	23144526	Space
Super Hexagon	key down	23144885	Space
Super Hexagon	key up	23145041	Space
Super Hexagon	key down	23145618	Left
Super Hexagon	key up	23145821	Left
Super Hexagon	key down	23146149	Right
Super Hexagon	key up	23146227	Right
Super Hexagon	key down	23146445	Left
Super Hexagon	key up	23146539	Left
Super Hexagon	key down	23146866	Left
Super Hexagon	key up	23146975	Left
Super Hexagon	key down	23147350	Left
Super Hexagon	key up	23147428	Left
Super Hexagon	key down	23147755	Left
Super Hexagon	key up	23147943	Left
Super Hexagon	key down	23148161	Space
Super Hexagon	key up	23148270	Space
Super Hexagon	key down	23148676	Space
Super Hexagon	key up	23148816	Space
Super Hexagon	key down	23149066	Space
Super Hexagon	key up	23149191	Space
Super Hexagon	key down	23149908	Right
Super Hexagon	key up	23149939	Right
Super Hexagon	key down	23151125	Right
Super Hexagon	key up	23151468	Right
Super Hexagon	key down	23151796	Right
Super Hexagon	key up	23151999	Right
Super Hexagon	key down	23152435	Left
Super Hexagon	key up	23152607	Left
Super Hexagon	key down	23153839	Right
Super Hexagon	key up	23154136	Right
Super Hexagon	key down	23154432	Left
Super Hexagon	key up	23154775	Left
Super Hexagon	key down	23155134	Left
Super Hexagon	key up	23155228	Left
Super Hexagon	key down	23155478	Left
Super Hexagon	key up	23155602	Left
Super Hexagon	key down	23156117	Space
Super Hexagon	key up	23156226	Space
Super Hexagon	key down	23156523	Space
Super Hexagon	key up	23156679	Space
Super Hexagon	key down	23157225	Left
Super Hexagon	key up	23157552	Left
Super Hexagon	key down	23159128	Left
Super Hexagon	key up	23159331	Left
Super Hexagon	key down	23159627	Right
Super Hexagon	key up	23159752	Right
Super Hexagon	key down	23160064	Left
Super Hexagon	key up	23160204	Left
Super Hexagon	key down	23160657	Left
Super Hexagon	key up	23160750	Left
Super Hexagon	key down	23161156	Left
Super Hexagon	key up	23161359	Left
Super Hexagon	key down	23161733	Space
Super Hexagon	key up	23161889	Space
Super Hexagon	key down	23162342	Space
Super Hexagon	key up	23162466	Space
Super Hexagon	key down	23162966	Space
Super Hexagon	key up	23163075	Space
Super Hexagon	key down	23163980	Right
Super Hexagon	key up	23164089	Right
Super Hexagon	key down	23164541	Right
Super Hexagon	key up	23164682	Right
Super Hexagon	key down	23165118	Right
Super Hexagon	key up	23165212	Right
Super Hexagon	key down	23165555	Right
Super Hexagon	key up	23165680	Right
Super Hexagon	key down	23165961	Right
Super Hexagon	key up	23166132	Right
Super Hexagon	key down	23166476	Right
Super Hexagon	key up	23166522	Right
Super Hexagon	key down	23166850	Left
Super Hexagon	key up	23166928	Left
Super Hexagon	key down	23167505	Right
Super Hexagon	key up	23167833	Right
Super Hexagon	key down	23168004	Right
Super Hexagon	key up	23168348	Right
Super Hexagon	key down	23168628	Left
Super Hexagon	key up	23168972	Left
Super Hexagon	key down	23170391	Left
Super Hexagon	key up	23170875	Left
Super Hexagon	key down	23171000	Right
Super Hexagon	key up	23171421	Right
Super Hexagon	key down	23171717	Right
Super Hexagon	key up	23171889	Right
Super Hexagon	key down	23172263	Space
Super Hexagon	key up	23172388	Space
Super Hexagon	key down	23172638	Space
Super Hexagon	key up	23172778	Space
Super Hexagon	key down	23173433	Left
Super Hexagon	key up	23173636	Left
Super Hexagon	key down	23174135	Right
Super Hexagon	key up	23174229	Right
Super Hexagon	key down	23174494	Left
Super Hexagon	key up	23174556	Left
Super Hexagon	key down	23174728	Left
Super Hexagon	key up	23174837	Left
Super Hexagon	key down	23175149	Right
Super Hexagon	key up	23175258	Right
Super Hexagon	key down	23176226	Left
Super Hexagon	key up	23176288	Left
Super Hexagon	key down	23176631	Right
Super Hexagon	key up	23176912	Right
Super Hexagon	key down	23177099	Left
Super Hexagon	key up	23177255	Left
Super Hexagon	key down	23177536	Space
Super Hexagon	key up	23177676	Space
Super Hexagon	key down	23178004	Space
Super Hexagon	key up	23178129	Space
Super Hexagon	key down	23178488	Space
Super Hexagon	key up	23178612	Space
Super Hexagon	key down	23180500	Right
Super Hexagon	key up	23180594	Right
Super Hexagon	key down	23181982	Left
Super Hexagon	key up	23182060	Left
Super Hexagon	key down	23182497	Right
Super Hexagon	key up	23182746	Right
Super Hexagon	key down	23183043	Right
Super Hexagon	key up	23183214	Right
Super Hexagon	key down	23183542	Right
Super Hexagon	key up	23183870	Right
Super Hexagon	key down	23184135	Left
Super Hexagon	key up	23184494	Left
Super Hexagon	key down	23184821	Left
Super Hexagon	key up	23184946	Left
Super Hexagon	key down	23185274	Left
Super Hexagon	key up	23185445	Left
Super Hexagon	key down	23186553	Left
Super Hexagon	key up	23186756	Left
Super Hexagon	key down	23186990	Right
Super Hexagon	key up	23187317	Right
Super Hexagon	key down	23187536	Right
Super Hexagon	key up	23187879	Right
Super Hexagon	key down	23188768	Right
Super Hexagon	key up	23188955	Right
Super Hexagon	key down	23189189	Right
Super Hexagon	key up	23189330	Right
Super Hexagon	key down	23189876	Space
Super Hexagon	key up	23190016	Space
Super Hexagon	key down	23190313	Space
Super Hexagon	key up	23190453	Space
Super Hexagon	key down	23191405	Left
Super Hexagon	key up	23191748	Left
Super Hexagon	key down	23192465	Left
Super Hexagon	key up	23192559	Left
Super Hexagon	key down	23192965	Left
Super Hexagon	key up	23193089	Left
Super Hexagon	key down	23193448	Left
Super Hexagon	key up	23193511	Left
Super Hexagon	key down	23193651	Right
Super Hexagon	key up	23193713	Right
Super Hexagon	key down	23194072	Left
Super Hexagon	key up	23194166	Left
Super Hexagon	key down	23194681	Right
Super Hexagon	key up	23194883	Right
Super Hexagon	key down	23195273	Space
Super Hexagon	key up	23195398	Space
Super Hexagon	key down	23195757	Space
Super Hexagon	key up	23195897	Space
Super Hexagon	key down	23196209	Space
Super Hexagon	key up	23196334	Space
Super Hexagon	key down	23196911	Left
Super Hexagon	key up	23197192	Left
Super Hexagon	key down	23198721	Left
Super Hexagon	key up	23198830	Left
Super Hexagon	key down	23199688	Right
Super Hexagon	key up	23199875	Right
Super Hexagon	key down	23200796	Left
Super Hexagon	key up	23200967	Left
Super Hexagon	key down	23201342	Left
Super Hexagon	key up	23201638	Left
Super Hexagon	key down	23202231	Space
Super Hexagon	key up	23202371	Space
Super Hexagon	key down	23202777	Space
Super Hexagon	key up	23202949	Space
Super Hexagon	key down	23203510	Left
Super Hexagon	key up	23203807	Left
Super Hexagon	key down	23204150	Left
Super Hexagon	key up	23204243	Left
Super Hexagon	key down	23204852	Left
Super Hexagon	key up	23204977	Left
Super Hexagon	key down	23205351	Left
Super Hexagon	key up	23205460	Left
Super Hexagon	key down	23205788	Right
Super Hexagon	key up	23205897	Right
Super Hexagon	key down	23206209	Space
Super Hexagon	key up	23206334	Space
Super Hexagon	key down	23206724	Space
Super Hexagon	key up	23206833	Space
Super Hexagon	key down	23207488	Left
Super Hexagon	key up	23207660	Left
Super Hexagon	key down	23208299	Right
Super Hexagon	key up	23208455	Right
Super Hexagon	key down	23209579	Left
Super Hexagon	key up	23209891	Left
Super Hexagon	key down	23210671	Space
Super Hexagon	key up	23210842	Space
Super Hexagon	key down	23211107	Space
Super Hexagon	key up	23211295	Space
Super Hexagon	key down	23212059	Left
Super Hexagon	key up	23212184	Left
Super Hexagon	key down	23212761	Left
Super Hexagon	key up	23212823	Left
Super Hexagon	key down	23213229	Right
Super Hexagon	key up	23213354	Right
Super Hexagon	key down	23213697	Right
Super Hexagon	key up	23213915	Right
Super Hexagon	key down	23215195	Right
Super Hexagon	key up	23215413	Right
Super Hexagon	key down	23216427	Space
Super Hexagon	key up	23216583	Space
Super Hexagon	key down	23217004	Space
Super Hexagon	key up	23217113	Space
Super Hexagon	key down	23218128	Right
Super Hexagon	key up	23218284	Right
Super Hexagon	key down	23218533	Left
Super Hexagon	key up	23218627	Left
Super Hexagon	key down	23219485	Right
Super Hexagon	key up	23219578	Right
Super Hexagon	key down	23220421	Left
Super Hexagon	key up	23220546	Left
Super Hexagon	key down	23220982	Right
Super Hexagon	key up	23221294	Right
Super Hexagon	key down	23221482	Left
Super Hexagon	key up	23221747	Left
Super Hexagon	key down	23222184	Left
Super Hexagon	key up	23222496	Left
Super Hexagon	key down	23222792	Right
Super Hexagon	key up	23223198	Right
Super Hexagon	key down	23223525	Space
Super Hexagon	key up	23223666	Space
Super Hexagon	key down	23223931	Space
Super Hexagon	key up	23224102	Space
Super Hexagon	key down	23224399	Space
Super Hexagon	key up	23224555	Space
Super Hexagon	key down	23225865	Left
Super Hexagon	key up	23225943	Left
Super Hexagon	key down	23226786	Left
Super Hexagon	key up	23226910	Left
Super Hexagon	key down	23227410	Right
Super Hexagon	key up	23227503	Right
Super Hexagon	key down	23227924	Right
Super Hexagon	key up	23228049	Right
Super Hexagon	key down	23228907	Right
Super Hexagon	key up	23229406	Right
Super Hexagon	key down	23229812	Right
Super Hexagon	key up	23230124	Right
Super Hexagon	key down	23230748	Space
Super Hexagon	key up	23230935	Space
Super Hexagon	key down	23231232	Space
Super Hexagon	key up	23231356	Space
Super Hexagon	key down	23232230	Right
Super Hexagon	key up	23232308	Right
Super Hexagon	key down	23233291	Right
Super Hexagon	key up	23233353	Right
Super Hexagon	key down	23233743	Left
Super Hexagon	key up	23233837	Left
Super Hexagon	key down	23234196	Right
Super Hexagon	key up	23234289	Right
Super Hexagon	key down	23235272	Left
Super Hexagon	key up	23235366	Left
Super Hexagon	key down	23235662	Right
Super Hexagon	key up	23236302	Right
Super Hexagon	key down	23236754	Space
Super Hexagon	key up	23236941	Space
Super Hexagon	key down	23237316	Space
Super Hexagon	key up	23237440	Space
Super Hexagon	key down	23238033	Left
Super Hexagon	key up	23238080	Left
Super Hexagon	key down	23238860	Left
Super Hexagon	key up	23238954	Left
Super Hexagon	key down	23239312	Left
Super Hexagon	key up	23239406	Left
Super Hexagon	key down	23240295	Left
Super Hexagon	key up	23240389	Left
Super Hexagon	key down	23240794	Right
Super Hexagon	key up	23241028	Right
Super Hexagon	key down	23241840	Left
Super Hexagon	key up	23242058	Left
Super Hexagon	key down	23242448	Left
Super Hexagon	key up	23242776	Left
Super Hexagon	key down	23243056	Left
Super Hexagon	key up	23243400	Left
Super Hexagon	key down	23243868	Space
Super Hexagon	key up	23244039	Space
Super Hexagon	key down	23244320	Space
Super Hexagon	key up	23244460	Space
Super Hexagon	key down	23244757	Space
Super Hexagon	key up	23244882	Space
Super Hexagon	key down	23245599	Right
Super Hexagon	key up	23245677	Right
Super Hexagon	key down	23246161	Right
Super Hexagon	key up	23246332	Right
Super Hexagon	key down	23247424	Left
Super Hexagon	key up	23247534	Left
Super Hexagon	key down	23248548	Space
Super Hexagon	key up	23248719	Space
Super Hexagon	key down	23249312	Right
Super Hexagon	key up	23249390	Right
Super Hexagon	key down	23251075	Right
Super Hexagon	key up	23251169	Right
Super Hexagon	key down	23252105	Right
Super Hexagon	key up	23252198	Right
Super Hexagon	key down	23253228	Left
Super Hexagon	key up	23253368	Left
Super Hexagon	key down	23253727	Right
Super Hexagon	key up	23254117	Right
Super Hexagon	key down	23254335	Left
Super Hexagon	key up	23254772	Left
Super Hexagon	key down	23255100	Left
Super Hexagon	key up	23255287	Left
Super Hexagon	key down	23255771	Left
Super Hexagon	key up	23256161	Left
Super Hexagon	key down	23256519	Space
Super Hexagon	key up	23256691	Space
Super Hexagon	key down	23256956	Space
Super Hexagon	key up	23257112	Space
Super Hexagon	key down	23257331	Space
Super Hexagon	key up	23257455	Space
Super Hexagon	key down	23257986	Right
Super Hexagon	key up	23258111	Right
Super Hexagon	key down	23259031	Right
Super Hexagon	key up	23259156	Right
Super Hexagon	key down	23259671	Right
Super Hexagon	key up	23259780	Right
Super Hexagon	key down	23260061	Right
Super Hexagon	key up	23260248	Right
Super Hexagon	key down	23260607	Right
Super Hexagon	key up	23261043	Right
Super Hexagon	key down	23261823	Space
Super Hexagon	key up	23261964	Space
Super Hexagon	key down	23262323	Space
Super Hexagon	key up	23262447	Space
Super Hexagon	key down	23263118	Right
Super Hexagon	key up	23263243	Right
Super Hexagon	key down	23263695	Left
Super Hexagon	key up	23263805	Left
Super Hexagon	key down	23264694	Left
Super Hexagon	key up	23264803	Left
Super Hexagon	key down	23265333	Left
Super Hexagon	key up	23265474	Left
Super Hexagon	key down	23265879	Left
Super Hexagon	key up	23266004	Left
Super Hexagon	key down	23266753	Left
Super Hexagon	key up	23267112	Left
Super Hexagon	key down	23267455	Left
Super Hexagon	key up	23267658	Left
Super Hexagon	key down	23267829	Left
Super Hexagon	key up	23268032	Left
Super Hexagon	key down	23268719	Space
Super Hexagon	key up	23268859	Space
Super Hexagon	key down	23269187	Space
Super Hexagon	key up	23269311	Space
Super Hexagon	key down	23270606	Left
Super Hexagon	key up	23270715	Left
Super Hexagon	key down	23271558	Left
Super Hexagon	key up	23271683	Left
Super Hexagon	key down	23272743	Left
Super Hexagon	key up	23273102	Left
Super Hexagon	key down	23273539	Left
Super Hexagon	key up	23273570	Left
Super Hexagon	key down	23273882	Right
Super Hexagon	key up	23274116	Right
Super Hexagon	key down	23274288	Right
Super Hexagon	key up	23274615	Right
Super Hexagon	key down	23274849	Right
Super Hexagon	key up	23275161	Right
Super Hexagon	key down	23275411	Left
Super Hexagon	key up	23275739	Left
Super Hexagon	key down	23276129	Right
Super Hexagon	key up	23276269	Right
Super Hexagon	key down	23277033	Space
Super Hexagon	key up	23277189	Space
Super Hexagon	key down	23277423	Space
Super Hexagon	key up	23277595	Space
Super Hexagon	key down	23278047	Space
Super Hexagon	key up	23278172	Space
Super Hexagon	key down	23278703	Left
Super Hexagon	key up	23278781	Left
Super Hexagon	key down	23279935	Left
Super Hexagon	key up	23280029	Left
Super Hexagon	key down	23280590	Left
Super Hexagon	key up	23280700	Left
Super Hexagon	key down	23281012	Left
Super Hexagon	key up	23281339	Left
Super Hexagon	key down	23281495	Left
Super Hexagon	key up	23281870	Left
Super Hexagon	key down	23282431	Space
Super Hexagon	key up	23282587	Space
Super Hexagon	key down	23282821	Space
Super Hexagon	key up	23282977	Space
Super Hexagon	key down	23283289	Space
Super Hexagon	key up	23283414	Space
Super Hexagon	key down	23283835	Left
Super Hexagon	key up	23283898	Left
Super Hexagon	key down	23284818	Left
Super Hexagon	key up	23284927	Left
Super Hexagon	key down	23285660	Left
Super Hexagon	key up	23285770	Left
Super Hexagon	key down	23287844	Right
Super Hexagon	key up	23288110	Right
Super Hexagon	key down	23288453	Right
Super Hexagon	key up	23288718	Right
Super Hexagon	key down	23289014	Right
Super Hexagon	key up	23289358	Right
Super Hexagon	key down	23289810	Right
Super Hexagon	key up	23289950	Right
Super Hexagon	key down	23290309	Right
Super Hexagon	key up	23290418	Right
Super Hexagon	key down	23290949	Right
Super Hexagon	key up	23291011	Right
Super Hexagon	key down	23291292	Left
Super Hexagon	key up	23291791	Left
Super Hexagon	key down	23291885	Right
Super Hexagon	key up	23292228	Right
Super Hexagon	key down	23292337	Right
Super Hexagon	key up	23292649	Right
Super Hexagon	key down	23292977	Space
Super Hexagon	key up	23293117	Space
Super Hexagon	key down	23293367	Space
Super Hexagon	key up	23293523	Space
Super Hexagon	key down	23293788	Space
Super Hexagon	key up	23293928	Space
Super Hexagon	key down	23295098	Left
Super Hexagon	key up	23295176	Left
Super Hexagon	key down	23296190	Space
Super Hexagon	key up	23296315	Space
Super Hexagon	key down	23296846	Space
Super Hexagon	key up	23296955	Space
Super Hexagon	key down	23297626	Left
Super Hexagon	key up	23297704	Left
Super Hexagon	key down	23298421	Left
Super Hexagon	key up	23298562	Left
Super Hexagon	key down	23298905	Left
Super Hexagon	key up	23298998	Left
Super Hexagon	key down	23301432	Right
Super Hexagon	key up	23301760	Right
Super Hexagon	key down	23302056	Left
Super Hexagon	key up	23302430	Left
Super Hexagon	key down	23302664	Left
Super Hexagon	key up	23302945	Left
Super Hexagon	key down	23303881	Left
Super Hexagon	key up	23303959	Left
Super Hexagon	key down	23304287	Right
Super Hexagon	key up	23304396	Right
Super Hexagon	key down	23304864	Right
Super Hexagon	key up	23304926	Right
Super Hexagon	key down	23305332	Right
Super Hexagon	key up	23305706	Right
Super Hexagon	key down	23305894	Right
Super Hexagon	key up	23306252	Right
Super Hexagon	key down	23306814	Left
Super Hexagon	key up	23306876	Left
Super Hexagon	key down	23307266	Right
Super Hexagon	key up	23307407	Right
Super Hexagon	key down	23307875	Right
Super Hexagon	key up	23308218	Right
Super Hexagon	key down	23308546	Right
Super Hexagon	key up	23308826	Right
Super Hexagon	key down	23309606	Space
Super Hexagon	key up	23309747	Space
Super Hexagon	key down	23310043	Space
Super Hexagon	key up	23310199	Space
Super Hexagon	key down	23310698	Left
Super Hexagon	key up	23310917	Left
Super Hexagon	key down	23312056	Left
Super Hexagon	key up	23312165	Left
Super Hexagon	key down	23312524	Left
Super Hexagon	key up	23312742	Left
Super Hexagon	key down	23313678	Left
Super Hexagon	key up	23313756	Left
Super Hexagon	key down	23314084	Left
Super Hexagon	key up	23314380	Left
Super Hexagon	key down	23314942	Space
Super Hexagon	key up	23315082	Space
Super Hexagon	key down	23315410	Space
Super Hexagon	key up	23315550	Space
Super Hexagon	key down	23315831	Space
Super Hexagon	key up	23315987	Space
Super Hexagon	key down	23316627	Left
Super Hexagon	key up	23316673	Left
Super Hexagon	key down	23317329	Left
Super Hexagon	key up	23317407	Left
Super Hexagon	key down	23317843	Left
Super Hexagon	key up	23317968	Left
Super Hexagon	key down	23318639	Right
Super Hexagon	key up	23318748	Right
Super Hexagon	key down	23319887	Left
Super Hexagon	key up	23319981	Left
Super Hexagon	key down	23320293	Left
Super Hexagon	key up	23320620	Left
Super Hexagon	key down	23321041	Left
Super Hexagon	key up	23321353	Left
Super Hexagon	key down	23321931	Space
Super Hexagon	key up	23322087	Space
Super Hexagon	key down	23322321	Space
Super Hexagon	key up	23322461	Space
Super Hexagon	key down	23323210	Left
Super Hexagon	key up	23323288	Left
Super Hexagon	key down	23324005	Right
Super Hexagon	key up	23324115	Right
Super Hexagon	key down	23324395	Right
Super Hexagon	key up	23324505	Right
Super Hexagon	key down	23324941	Left
Super Hexagon	key up	23325129	Left
Super Hexagon	key down	23325378	Left
Super Hexagon	key up	23325753	Left
Super Hexagon	key down	23326252	Left
Super Hexagon	key up	23326423	Left
Super Hexagon	key down	23327219	Space
Super Hexagon	key up	23327359	Space
Super Hexagon	key down	23327578	Space
Super Hexagon	key up	23327703	Space
Super Hexagon	key down	23328249	Right
Super Hexagon	key up	23328327	Right
Super Hexagon	key down	23328982	Right
Super Hexagon	key up	23329075	Right
Super Hexagon	key down	23330089	Right
Super Hexagon	key up	23330199	Right
Super Hexagon	key down	23330495	Right
Super Hexagon	key up	23330620	Right
Super Hexagon	key down	23330979	Right
Super Hexagon	key up	23331088	Right
Super Hexagon	key down	23332024	Right
Super Hexagon	key up	23332273	Right
Super Hexagon	key down	23332663	Right
Super Hexagon	key up	23333022	Right
Super Hexagon	key down	23333225	Left
Super Hexagon	key up	23333459	Left
Super Hexagon	key down	23333709	Space
Super Hexagon	key up	23333833	Space
Super Hexagon	key down	23334083	Space
Super Hexagon	key up	23334239	Space
Super Hexagon	key down	23334957	Left
Super Hexagon	key up	23335003	Left
Super Hexagon	key down	23337141	Right
Super Hexagon	key up	23337250	Right
Super Hexagon	key down	23337687	Right
Super Hexagon	key up	23337796	Right
Super Hexagon	key down	23338311	Right
Super Hexagon	key up	23338794	Right
Super Hexagon	key down	23339075	Space
Super Hexagon	key up	23339215	Space
Super Hexagon	key down	23339621	Space
Super Hexagon	key up	23339746	Space
Super Hexagon	key down	23340370	Right
Super Hexagon	key up	23340479	Right
Super Hexagon	key down	23340931	Left
Super Hexagon	key up	23341009	Left
Super Hexagon	key down	23342585	Left
Super Hexagon	key up	23342679	Left
Super Hexagon	key down	23343942	Left
Super Hexagon	key up	23344020	Left
Super Hexagon	key down	23344816	Left
Super Hexagon	key up	23345128	Left
Super Hexagon	key down	23345424	Right
Super Hexagon	key up	23345799	Right
Super Hexagon	key down	23346064	Right
Super Hexagon	key up	23346251	Right
Super Hexagon	key down	23346704	Right
Super Hexagon	key up	23347187	Right
Super Hexagon	key down	23347874	Space
Super Hexagon	key up	23348030	Space
Super Hexagon	key down	23348638	Space
Super Hexagon	key up	23348685	Space
Super Hexagon	key down	23349668	Right
Super Hexagon	key up	23349761	Right
Super Hexagon	key down	23350572	Right
Super Hexagon	key up	23350666	Right
Super Hexagon	key down	23351118	Right
Super Hexagon	key up	23351243	Right
Super Hexagon	key down	23351493	Right
Super Hexagon	key up	23351711	Right
Super Hexagon	key down	23352132	Left
Super Hexagon	key up	23352273	Left
Super Hexagon	key down	23353146	Right
Super Hexagon	key up	23353396	Right
Super Hexagon	key down	23353692	Right
Super Hexagon	key up	23353989	Right
Super Hexagon	key down	23354410	Left
Super Hexagon	key up	23354753	Left
Super Hexagon	key down	23355611	Space
Super Hexagon	key up	23355767	Space
Super Hexagon	key down	23356173	Space
Super Hexagon	key up	23356282	Space
Super Hexagon	key down	23356828	Left
Super Hexagon	key up	23357187	Left
Super Hexagon	key down	23358591	Left
Super Hexagon	key up	23358684	Left
Super Hexagon	key down	23359979	Space
Super Hexagon	key up	23360151	Space
Super Hexagon	key down	23361087	Right
Super Hexagon	key up	23361165	Right
Super Hexagon	key down	23361492	Right
Super Hexagon	key up	23361570	Right
Super Hexagon	key down	23363583	Right
Super Hexagon	key up	23363692	Right
Super Hexagon	key down	23364644	Right
Super Hexagon	key up	23364987	Right
Super Hexagon	key down	23365236	Right
Super Hexagon	key up	23365595	Right
Super Hexagon	key down	23365798	Right
Super Hexagon	key up	23366079	Right
Super Hexagon	key down	23366375	Right
Super Hexagon	key up	23366578	Right
Super Hexagon	key down	23367015	Right
Super Hexagon	key up	23367093	Right
Super Hexagon	key down	23367592	Left
Super Hexagon	key up	23367686	Left
Super Hexagon	key down	23368122	Right
Super Hexagon	key up	23368216	Right
Super Hexagon	key down	23368700	Right
Super Hexagon	key up	23369074	Right
Super Hexagon	key down	23369901	Space
Super Hexagon	key up	23370057	Space
Super Hexagon	key down	23370306	Space
Super Hexagon	key up	23370447	Space
Super Hexagon	key down	23371180	Left
Super Hexagon	key up	23371289	Left
Super Hexagon	key down	23371679	Left
Super Hexagon	key up	23371835	Left
Super Hexagon	key down	23373255	Left
Super Hexagon	key up	23373380	Left
Super Hexagon	key down	23373817	Left
Super Hexagon	key up	23373910	Left
Super Hexagon	key down	23374753	Left
Super Hexagon	key up	23375408	Left
Super Hexagon	key down	23375642	Left
Super Hexagon	key up	23375923	Left
Super Hexagon	key down	23376219	Left
Super Hexagon	key up	23376469	Left
Super Hexagon	key down	23378668	Escape
Super Hexagon	key up	23378855	Escape
Super Hexagon	key down	23379635	Left
Super Hexagon	key up	23379729	Left
Super Hexagon	key down	23380431	Left
Super Hexagon	key up	23380540	Left
Super Hexagon	key down	23381336	Right
Super Hexagon	key up	23381461	Right
Super Hexagon	key down	23381991	Space
Super Hexagon	key up	23382100	Space
Super Hexagon	key down	23382880	Left
Super Hexagon	key up	23382989	Left
Super Hexagon	key down	23383489	Right
Super Hexagon	key up	23383582	Right
Super Hexagon	key down	23384815	Left
Super Hexagon	key up	23384908	Left
Super Hexagon	key down	23386047	Space
Super Hexagon	key up	23386219	Space
Super Hexagon	key down	23386437	Space
Super Hexagon	key up	23386546	Space
Super Hexagon	key down	23386921	Left
Super Hexagon	key up	23386999	Left
Super Hexagon	key down	23388262	Right
Super Hexagon	key up	23388387	Right
Super Hexagon	key down	23389120	Right
Super Hexagon	key up	23389261	Right
Super Hexagon	key down	23389916	Left
Super Hexagon	key up	23390025	Left
Super Hexagon	key down	23390665	Left
Super Hexagon	key up	23391039	Left
Super Hexagon	key down	23391460	Left
Super Hexagon	key up	23391928	Left
Super Hexagon	key down	23393317	Left
Super Hexagon	key up	23393457	Left
Super Hexagon	key down	23394206	Left
Super Hexagon	key up	23394315	Left
Super Hexagon	key down	23394970	Right
Super Hexagon	key up	23395329	Right
Super Hexagon	key down	23395641	Right
Super Hexagon	key up	23396062	Right
Super Hexagon	key down	23396717	Left
Super Hexagon	key up	23396811	Left
Super Hexagon	key down	23397591	Left
Super Hexagon	key up	23397731	Left
Super Hexagon	key down	23399167	Left
Super Hexagon	key up	23399291	Left
Super Hexagon	key down	23399837	Right
Super Hexagon	key up	23400227	Right
Super Hexagon	key down	23400695	Right
Super Hexagon	key up	23401101	Right
Super Hexagon	key down	23401678	Right
Super Hexagon	key up	23401819	Right
Super Hexagon	key down	23402599	Right
Super Hexagon	key up	23402770	Right
Super Hexagon	key down	23404190	Right
Super Hexagon	key up	23404346	Right
Super Hexagon	key down	23404502	Left
Super Hexagon	key up	23404814	Left
Super Hexagon	key down	23405048	Right
Super Hexagon	key up	23405344	Right
Super Hexagon	key down	23405781	Left
Super Hexagon	key up	23406031	Left
Super Hexagon	key down	23406577	Left
Super Hexagon	key up	23406967	Left
Super Hexagon	key down	23407404	Left
Super Hexagon	key up	23407747	Left
Super Hexagon	key down	23407981	Left
Super Hexagon	key up	23408418	Left
Super Hexagon	key down	23408808	Left
Super Hexagon	key up	23408948	Left
Super Hexagon	key down	23409088	Right
Super Hexagon	key up	23409198	Right
Super Hexagon	key down	23409666	Left
Super Hexagon	key up	23410056	Left
Super Hexagon	key down	23410290	Left
Super Hexagon	key up	23410633	Left
Super Hexagon	key down	23410867	Right
Super Hexagon	key up	23411179	Right
Super Hexagon	key down	23411335	Left
Super Hexagon	key up	23411647	Left
Super Hexagon	key down	23411850	Right
Super Hexagon	key up	23412099	Right
Super Hexagon	key down	23413285	Space
Super Hexagon	key up	23413441	Space
Super Hexagon	key down	23414018	Right
Super Hexagon	key up	23414158	Right
Super Hexagon	key down	23414470	Right
Super Hexagon	key up	23414564	Right
Super Hexagon	key down	23416420	Right
Super Hexagon	key up	23416826	Right
Super Hexagon	key down	23416951	Right
Super Hexagon	key up	23417341	Right
Super Hexagon	key down	23417809	Left
Super Hexagon	key up	23418324	Left
Super Hexagon	key down	23418885	Right
Super Hexagon	key up	23419431	Right
Super Hexagon	key down	23419946	Right
Super Hexagon	key up	23420086	Right
Super Hexagon	key down	23421943	Right
Super Hexagon	key up	23422255	Right
Super Hexagon	key down	23422676	Right
Super Hexagon	key up	23423050	Right
Super Hexagon	key down	23423425	Right
Super Hexagon	key up	23423784	Right
Super Hexagon	key down	23424470	Right
Super Hexagon	key up	23424657	Right
Super Hexagon	key down	23425749	Left
Super Hexagon	key up	23426092	Left
Super Hexagon	key down	23426997	Space
Super Hexagon	key up	23427138	Space
Super Hexagon	key down	23427746	Left
Super Hexagon	key up	23427980	Left
Super Hexagon	key down	23429290	Left
Super Hexagon	key up	23429415	Left
Super Hexagon	key down	23430866	Right
Super Hexagon	key up	23431053	Right
Super Hexagon	key down	23431365	Left
Super Hexagon	key up	23431443	Left
Super Hexagon	key down	23431708	Left
Super Hexagon	key up	23432005	Left
Super Hexagon	key down	23432270	Left
Super Hexagon	key up	23432364	Left
Super Hexagon	key down	23433534	Space
Super Hexagon	key up	23433658	Space
Super Hexagon	key down	23434173	Left
Super Hexagon	key up	23434594	Left
Super Hexagon	key down	23435312	Right
Super Hexagon	key up	23435374	Right
Super Hexagon	key down	23435952	Left
Super Hexagon	key up	23436077	Left
Super Hexagon	key down	23436513	Left
Super Hexagon	key up	23436638	Left
Super Hexagon	key down	23438058	Left
Super Hexagon	key up	23438744	Left
Super Hexagon	key down	23438947	Right
Super Hexagon	key up	23439602	Right
Super Hexagon	key down	23440351	Left
Super Hexagon	key up	23440569	Left
Super Hexagon	key down	23440850	Left
Super Hexagon	key up	23440928	Left
Super Hexagon	key down	23441412	Left
Super Hexagon	key up	23441552	Left
Super Hexagon	key down	23442114	Left
Super Hexagon	key up	23442254	Left
Super Hexagon	key down	23442909	Left
Super Hexagon	key up	23443253	Left
Super Hexagon	key down	23443783	Right
Super Hexagon	key up	23444142	Right
Super Hexagon	key down	23444828	Left
Super Hexagon	key up	23444937	Left
Super Hexagon	key down	23446341	Left
Super Hexagon	key up	23446451	Left
Super Hexagon	key down	23447199	Right
Super Hexagon	key up	23447309	Right
Super Hexagon	key down	23447979	Right
Super Hexagon	key up	23448354	Right
Super Hexagon	key down	23448728	Left
Super Hexagon	key up	23449118	Left
Super Hexagon	key down	23450709	Right
Super Hexagon	key up	23451037	Right
Super Hexagon	key down	23451723	Left
Super Hexagon	key up	23451801	Left
Super Hexagon	key down	23452145	Right
Super Hexagon	key up	23452425	Right
Super Hexagon	key down	23453003	Right
Super Hexagon	key up	23453424	Right
Super Hexagon	key down	23453658	Right
Super Hexagon	key up	23454063	Right
Super Hexagon	key down	23454407	Right
Super Hexagon	key up	23454703	Right
Super Hexagon	key down	23455405	Right
Super Hexagon	key up	23455811	Right
Super Hexagon	key down	23456107	Right
Super Hexagon	key up	23456559	Right
Super Hexagon	key down	23456762	Right
Super Hexagon	key up	23456996	Right
Super Hexagon	key down	23457183	Right
Super Hexagon	key up	23457261	Right
Super Hexagon	key down	23457542	Left
Super Hexagon	key up	23457605	Left
Super Hexagon	key down	23457807	Left
Super Hexagon	key up	23458213	Left
Super Hexagon	key down	23458447	Left
Super Hexagon	key up	23458634	Left
Super Hexagon	key down	23458759	Right
Super Hexagon	key up	23458899	Right
Super Hexagon	key down	23459258	Right
Super Hexagon	key up	23459539	Right
Super Hexagon	key down	23459929	Right
Super Hexagon	key up	23460475	Right
Super Hexagon	key down	23461115	Space
Super Hexagon	key up	23461271	Space
Super Hexagon	key down	23461520	Space
Super Hexagon	key up	23461645	Space
Super Hexagon	key down	23462175	Right
Super Hexagon	key up	23462300	Right
Super Hexagon	key down	23462721	Right
Super Hexagon	key up	23462831	Right
Super Hexagon	key down	23464047	Left
Super Hexagon	key up	23464157	Left
Super Hexagon	key down	23465046	Left
Super Hexagon	key up	23465155	Left
Super Hexagon	key down	23465405	Left
Super Hexagon	key up	23465623	Left
Super Hexagon	key down	23466075	Right
Super Hexagon	key up	23466200	Right
Super Hexagon	key down	23466590	Left
Super Hexagon	key up	23466793	Left
Super Hexagon	key down	23467027	Right
Super Hexagon	key up	23467370	Right
Super Hexagon	key down	23467526	Left
Super Hexagon	key up	23467776	Left
Super Hexagon	key down	23468416	Left
Super Hexagon	key up	23468603	Left
Super Hexagon	key down	23469180	Left
Super Hexagon	key up	23469383	Left
Super Hexagon	key down	23469632	Left
Super Hexagon	key up	23469757	Left
Super Hexagon	key down	23470116	Left
Super Hexagon	key up	23470147	Left
Super Hexagon	key down	23470241	Right
Super Hexagon	key up	23470537	Right
Super Hexagon	key down	23470834	Left
Super Hexagon	key up	23471239	Left
Super Hexagon	key down	23471629	Right
Super Hexagon	key up	23472004	Right
Super Hexagon	key down	23472721	Left
Super Hexagon	key up	23472862	Left
Super Hexagon	key down	23473610	Right
Super Hexagon	key up	23473766	Right
Super Hexagon	key down	23475264	Right
Super Hexagon	key up	23475451	Right
Super Hexagon	key down	23475560	Left
Super Hexagon	key up	23475857	Left
Super Hexagon	key down	23475997	Right
Super Hexagon	key up	23476060	Right
Super Hexagon	key down	23476325	Right
Super Hexagon	key up	23476528	Right
Super Hexagon	key down	23476684	Left
Super Hexagon	key up	23476933	Left
Super Hexagon	key down	23477417	Left
Super Hexagon	key up	23477900	Left
Super Hexagon	key down	23478244	Right
Super Hexagon	key up	23478634	Right
Super Hexagon	key down	23478899	Left
Super Hexagon	key up	23479055	Left
Super Hexagon	key down	23479289	Left
Super Hexagon	key up	23479554	Left
Super Hexagon	key down	23479866	Left
Super Hexagon	key up	23480147	Left
Super Hexagon	key down	23480459	Space
Super Hexagon	key up	23480599	Space
Super Hexagon	key down	23480849	Space
Super Hexagon	key up	23480989	Space
Super Hexagon	key down	23481442	Left
Super Hexagon	key up	23481722	Left
Super Hexagon	key down	23482019	Right
Super Hexagon	key up	23482112	Right
Super Hexagon	key down	23482612	Left
Super Hexagon	key up	23482690	Left
Super Hexagon	key down	23483969	Right
Super Hexagon	key up	23484203	Right
Super Hexagon	key down	23484421	Right
Super Hexagon	key up	23484515	Right
Super Hexagon	key down	23484718	Right
Super Hexagon	key up	23484936	Right
Super Hexagon	key down	23485217	Right
Super Hexagon	key up	23485700	Right
Super Hexagon	key down	23485732	Left
Super Hexagon	key up	23486090	Left
Super Hexagon	key down	23486137	Right
Super Hexagon	key up	23486496	Right
Super Hexagon	key down	23486543	Left
Super Hexagon	key up	23486948	Left
Super Hexagon	key down	23486980	Right
Super Hexagon	key up	23487401	Right
Super Hexagon	key down	23487448	Left
Super Hexagon	key up	23487526	Left
Super Hexagon	key down	23487900	Space
Super Hexagon	key up	23488040	Space
Super Hexagon	key down	23488259	Space
Super Hexagon	key up	23488415	Space
Super Hexagon	key down	23488696	Space
Super Hexagon	key up	23488805	Space
Super Hexagon	key down	23488992	Right
Super Hexagon	key up	23489288	Right
Super Hexagon	key down	23489897	Left
Super Hexagon	key up	23489975	Left
Super Hexagon	key down	23490848	Right
Super Hexagon	key up	23491004	Right
Super Hexagon	key down	23491519	Right
Super Hexagon	key up	23491644	Right
Super Hexagon	key down	23492174	Right
Super Hexagon	key up	23492377	Right
Super Hexagon	key down	23492954	Right
Super Hexagon	key up	23493142	Right
Super Hexagon	key down	23493438	Left
Super Hexagon	key up	23493672	Left
Super Hexagon	key down	23494031	Right
Super Hexagon	key up	23494234	Right
Super Hexagon	key down	23494421	Left
Super Hexagon	key up	23494655	Left
Super Hexagon	key down	23494998	Right
Super Hexagon	key up	23495263	Right
Super Hexagon	key down	23495560	Right
Super Hexagon	key up	23495638	Right
Super Hexagon	key down	23496121	Left
Super Hexagon	key up	23496293	Left
Super Hexagon	key down	23497088	Right
Super Hexagon	key up	23497400	Right
Super Hexagon	key down	23497744	Right
Super Hexagon	key up	23498134	Right
Super Hexagon	key down	23498524	Left
Super Hexagon	key up	23498929	Left
Super Hexagon	key down	23501893	Right
Super Hexagon	key up	23502205	Right
Super Hexagon	key down	23502611	Right
Super Hexagon	key up	23503001	Right
Super Hexagon	key down	23503438	Right
Super Hexagon	key up	23503843	Right
Super Hexagon	key down	23504530	Left
Super Hexagon	key up	23504655	Left
Super Hexagon	key down	23505325	Right
Super Hexagon	key up	23505591	Right
Super Hexagon	key down	23506277	Left
Super Hexagon	key up	23506417	Left
Super Hexagon	key down	23506995	Left
Super Hexagon	key up	23507213	Left
Super Hexagon	key down	23507728	Left
Super Hexagon	key up	23508118	Left
Super Hexagon	key down	23508492	Left
Super Hexagon	key up	23508898	Left
Super Hexagon	key down	23509381	Right
Super Hexagon	key up	23509631	Right
Super Hexagon	key down	23509974	Right
Super Hexagon	key up	23510271	Right
Super Hexagon	key down	23510333	Left
Super Hexagon	key up	23510707	Left
Super Hexagon	key down	23510988	Space
Super Hexagon	key up	23511129	Space
Super Hexagon	key down	23511690	Space
Super Hexagon	key up	23511846	Space
Super Hexagon	key down	23512455	Right
Super Hexagon	key up	23512673	Right
Super Hexagon	key down	23514779	Left
Super Hexagon	key up	23515153	Left
Super Hexagon	key down	23515497	Left
Super Hexagon	key up	23515668	Left
Super Hexagon	key down	23516401	Left
Super Hexagon	key up	23516791	Left
Super Hexagon	key down	23517010	Left
Super Hexagon	key up	23517447	Left
Super Hexagon	key down	23518024	Left
Super Hexagon	key up	23518149	Left
Super Hexagon	key down	23518944	Left
Super Hexagon	key up	23519116	Left
Super Hexagon	key down	23519896	Right
Super Hexagon	key up	23520192	Right
Super Hexagon	key down	23520411	Left
Super Hexagon	key up	23520801	Left
Super Hexagon	key down	23521253	Right
Super Hexagon	key up	23521659	Right
Super Hexagon	key down	23522142	Left
Super Hexagon	key up	23522392	Left
Super Hexagon	key down	23523250	Right
Super Hexagon	key up	23523390	Right
Super Hexagon	key down	23524654	Left
Super Hexagon	key up	23525309	Left
Super Hexagon	key down	23525356	Right
Super Hexagon	key up	23525512	Right
Super Hexagon	key down	23526183	Space
Super Hexagon	key up	23526307	Space
Super Hexagon	key down	23526604	Space
Super Hexagon	key up	23526744	Space
Super Hexagon	key down	23527399	Left
Super Hexagon	key up	23527524	Left
Super Hexagon	key down	23527961	Left
Super Hexagon	key up	23528039	Left
Super Hexagon	key down	23529084	Right
Super Hexagon	key up	23529209	Right
Super Hexagon	key down	23530332	Right
Super Hexagon	key up	23530613	Right
Super Hexagon	key down	23531128	Right
Super Hexagon	key up	23531534	Right
Super Hexagon	key down	23532033	Right
Super Hexagon	key up	23532438	Right
Super Hexagon	key down	23532906	Right
Super Hexagon	key up	23533062	Right
Super Hexagon	key down	23533842	Left
Super Hexagon	key up	23534123	Left
Super Hexagon	key down	23534794	Right
Super Hexagon	key up	23535200	Right
Super Hexagon	key down	23535465	Right
Super Hexagon	key up	23535855	Right
Super Hexagon	key down	23536292	Left
Super Hexagon	key up	23536650	Left
Super Hexagon	key down	23538242	Left
Super Hexagon	key up	23538522	Left
Super Hexagon	key down	23538975	Right
Super Hexagon	key up	23539224	Right
Super Hexagon	key down	23539692	Space
Super Hexagon	key up	23539848	Space
Super Hexagon	key down	23540098	Space
Super Hexagon	key up	23540238	Space
Super Hexagon	key down	23540582	Space
Super Hexagon	key up	23540738	Space
Super Hexagon	key down	23541299	Left
Super Hexagon	key up	23541549	Left
Super Hexagon	key down	23542407	Left
Super Hexagon	key up	23542438	Left
Super Hexagon	key down	23544575	Right
Super Hexagon	key up	23544700	Right
Super Hexagon	key down	23545137	Right
Super Hexagon	key up	23545418	Right
Super Hexagon	key down	23545511	Left
Super Hexagon	key up	23545667	Left
Super Hexagon	key down	23545901	Space
Super Hexagon	key up	23546042	Space
Super Hexagon	key down	23546291	Space
Super Hexagon	key up	23546432	Space
Super Hexagon	key down	23546728	Space
Super Hexagon	key up	23546884	Space
Super Hexagon	key down	23547773	Left
Super Hexagon	key up	23548054	Left
Super Hexagon	key down	23548553	Left
Super Hexagon	key up	23548647	Left
Super Hexagon	key down	23548959	Left
Super Hexagon	key up	23549084	Left
Super Hexagon	key down	23550519	Right
Super Hexagon	key up	23550815	Right
Super Hexagon	key down	23551236	Left
Super Hexagon	key up	23551782	Left
Super Hexagon	key down	23552126	Right
Super Hexagon	key up	23552687	Right
Super Hexagon	key down	23553623	Left
Super Hexagon	key up	23553795	Left
Super Hexagon	key down	23555994	Left
Super Hexagon	key up	23556400	Left
Super Hexagon	key down	23556743	Right
Super Hexagon	key up	23557118	Right
Super Hexagon	key down	23557804	Left
Super Hexagon	key up	23557913	Left
Super Hexagon	key down	23558943	Left
Super Hexagon	key up	23559192	Left
Super Hexagon	key down	23559426	Left
Super Hexagon	key up	23560113	Left
Super Hexagon	key down	23560269	Right
Super Hexagon	key up	23560409	Right
Super Hexagon	key down	23560487	Right
Super Hexagon	key up	23560784	Right
Super Hexagon	key down	23560924	Right
Super Hexagon	key up	23561221	Right
Super Hexagon	key down	23561548	Left
Super Hexagon	key up	23561626	Left
Super Hexagon	key down	23563498	Left
Super Hexagon	key up	23563904	Left
Super Hexagon	key down	23564465	Right
Super Hexagon	key up	23564965	Right
Super Hexagon	key down	23565292	Right
Super Hexagon	key up	23565417	Right
Super Hexagon	key down	23565776	Left
Super Hexagon	key up	23565854	Left
Super Hexagon	key down	23566228	Left
Super Hexagon	key up	23566337	Left
Super Hexagon	key down	23566790	Right
Super Hexagon	key up	23566883	Right
Super Hexagon	key down	23567180	Right
Super Hexagon	key up	23567351	Right
Super Hexagon	key down	23567741	Right
Super Hexagon	key up	23568116	Right
Super Hexagon	key down	23568599	Right
Super Hexagon	key up	23569005	Right
Super Hexagon	key down	23569255	Left
Super Hexagon	key up	23569629	Left
Super Hexagon	key down	23570237	Left
Super Hexagon	key up	23570643	Left
Super Hexagon	key down	23570861	Left
Super Hexagon	key up	23570924	Left
Super Hexagon	key down	23571111	Left
Super Hexagon	key up	23571548	Left
Super Hexagon	key down	23571844	Left
Super Hexagon	key up	23571907	Left
Super Hexagon	key down	23572141	Right
Super Hexagon	key up	23572203	Right
Super Hexagon	key down	23572874	Left
Super Hexagon	key up	23573170	Left
Super Hexagon	key down	23573389	Right
Super Hexagon	key up	23573763	Right
Super Hexagon	key down	23574028	Right
Super Hexagon	key up	23574512	Right
Super Hexagon	key down	23574777	Right
Super Hexagon	key up	23574933	Right
Super Hexagon	key down	23574980	Left
Super Hexagon	key up	23575292	Left
Super Hexagon	key down	23575682	Right
Super Hexagon	key up	23575853	Right
Super Hexagon	key down	23576321	Right
Super Hexagon	key up	23576711	Right
Super Hexagon	key down	23576961	Right
Super Hexagon	key up	23577351	Right
Super Hexagon	key down	23577616	Right
Super Hexagon	key up	23578006	Right
Super Hexagon	key down	23578084	Left
Super Hexagon	key up	23578287	Left
Super Hexagon	key down	23578443	Left
Super Hexagon	key up	23578630	Left
Super Hexagon	key down	23578786	Left
Super Hexagon	key up	23579223	Left
Super Hexagon	key down	23579332	Right
Super Hexagon	key up	23579956	Right
Super Hexagon	key down	23580362	Left
Super Hexagon	key up	23580580	Left
Super Hexagon	key down	23581251	Right
Super Hexagon	key up	23581547	Right
Super Hexagon	key down	23581641	Left
Super Hexagon	key up	23582000	Left
Super Hexagon	key down	23582078	Right
Super Hexagon	key up	23582437	Right
Super Hexagon	key down	23582577	Left
Super Hexagon	key up	23582811	Left
Super Hexagon	key down	23583123	Right
Super Hexagon	key up	23583310	Right
Super Hexagon	key down	23583575	Left
Super Hexagon	key up	23583716	Left
Super Hexagon	key down	23584168	Left
Super Hexagon	key up	23584293	Left
Super Hexagon	key down	23585416	Left
Super Hexagon	key up	23585541	Left
Super Hexagon	key down	23586056	Left
Super Hexagon	key up	23586430	Left
Super Hexagon	key down	23586742	Right
Super Hexagon	key up	23587195	Right
Super Hexagon	key down	23587397	Right
Super Hexagon	key up	23587491	Right
Super Hexagon	key down	23588318	Left
Super Hexagon	key up	23588895	Left
Super Hexagon	key down	23589020	Right
Super Hexagon	key up	23589659	Right
Super Hexagon	key down	23590143	Left
Super Hexagon	key up	23590205	Left
Super Hexagon	key down	23591032	Left
Super Hexagon	key up	23591625	Left
Super Hexagon	key down	23591687	Right
Super Hexagon	key up	23591843	Right
Super Hexagon	key down	23592046	Right
Super Hexagon	key up	23592514	Right
Super Hexagon	key down	23592717	Left
Super Hexagon	key up	23593170	Left
Super Hexagon	key down	23594418	Left
Super Hexagon	key up	23594823	Left
Super Hexagon	key down	23595104	Left
Super Hexagon	key up	23595494	Left
Super Hexagon	key down	23596664	Left
Super Hexagon	key up	23597101	Left
Super Hexagon	key down	23597491	Left
Super Hexagon	key up	23597881	Left
Super Hexagon	key down	23598021	Left
Super Hexagon	key up	23598333	Left
Super Hexagon	key down	23598817	Left
Super Hexagon	key up	23599051	Left
Super Hexagon	key down	23600580	Space
Super Hexagon	key up	23600767	Space
Super Hexagon	key down	23601531	Left
Super Hexagon	key up	23601609	Left
Super Hexagon	key down	23604448	Right
Super Hexagon	key up	23604714	Right
Super Hexagon	key down	23605150	Right
Super Hexagon	key up	23605431	Right
Super Hexagon	key down	23605494	Left
Super Hexagon	key up	23605665	Left
Super Hexagon	key down	23605962	Space
Super Hexagon	key up	23606086	Space
Super Hexagon	key down	23606398	Space
Super Hexagon	key up	23606539	Space
Super Hexagon	key down	23606804	Space
Super Hexagon	key up	23606913	Space
Super Hexagon	key down	23607350	Right
Super Hexagon	key up	23607444	Right
Super Hexagon	key down	23608021	Left
Super Hexagon	key up	23608130	Left
Super Hexagon	key down	23608941	Right
Super Hexagon	key up	23609097	Right
Super Hexagon	key down	23609612	Left
Super Hexagon	key up	23609737	Left
Super Hexagon	key down	23610938	Right
Super Hexagon	key up	23611125	Right
Super Hexagon	key down	23611609	Left
Super Hexagon	key up	23611827	Left
Super Hexagon	key down	23612170	Right
Super Hexagon	key up	23612311	Right
Super Hexagon	key down	23612670	Left
Super Hexagon	key up	23612826	Left
Super Hexagon	key down	23613450	Left
Super Hexagon	key up	23613559	Left
Super Hexagon	key down	23614370	Right
Super Hexagon	key up	23614479	Right
Super Hexagon	key down	23614963	Right
Super Hexagon	key up	23615384	Right
Super Hexagon	key down	23615758	Left
Super Hexagon	key up	23616148	Left
Super Hexagon	key down	23616648	Right
Super Hexagon	key up	23617053	Right
Super Hexagon	key down	23617443	Left
Super Hexagon	key up	23617693	Left
Super Hexagon	key down	23618566	Left
Super Hexagon	key up	23618691	Left
Super Hexagon	key down	23619471	Right
Super Hexagon	key up	23619565	Right
Super Hexagon	key down	23620095	Left
Super Hexagon	key up	23620360	Left
Super Hexagon	key down	23620875	Right
Super Hexagon	key up	23621281	Right
Super Hexagon	key down	23621718	Right
Super Hexagon	key up	23622123	Right
Super Hexagon	key down	23622544	Right
Super Hexagon	key up	23622794	Right
Super Hexagon	key down	23623574	Left
Super Hexagon	key up	23623715	Left
Super Hexagon	key down	23624479	Right
Super Hexagon	key up	23624651	Right
Super Hexagon	key down	23625165	Right
Super Hexagon	key up	23625368	Right
Super Hexagon	key down	23625555	Left
Super Hexagon	key up	23625665	Left
Super Hexagon	key down	23626101	Space
Super Hexagon	key up	23626226	Space
Super Hexagon	key down	23626679	Space
Super Hexagon	key up	23626803	Space
Super Hexagon	key down	23627599	Right
Super Hexagon	key up	23627693	Right
Super Hexagon	key down	23628145	Right
Super Hexagon	key up	23628254	Right
Super Hexagon	key down	23629237	Left
Super Hexagon	key up	23629377	Left
Super Hexagon	key down	23629892	Left
Super Hexagon	key up	23630017	Left
Super Hexagon	key down	23630329	Left
Super Hexagon	key up	23630625	Left
Super Hexagon	key down	23631249	Left
Super Hexagon	key up	23631717	Left
Super Hexagon	key down	23632154	Right
Super Hexagon	key up	23632638	Right
Super Hexagon	key down	23633199	Left
Super Hexagon	key up	23633340	Left
Super Hexagon	key down	23633667	Left
Super Hexagon	key up	23633886	Left
Super Hexagon	key down	23634401	Left
Super Hexagon	key up	23634853	Left
Super Hexagon	key down	23635571	Space
Super Hexagon	key up	23635711	Space
Super Hexagon	key down	23636195	Space
Super Hexagon	key up	23636335	Space
Super Hexagon	key down	23636819	Right
Super Hexagon	key up	23636943	Right
Super Hexagon	key down	23637380	Right
Super Hexagon	key up	23637427	Right
Super Hexagon	key down	23637692	Left
Super Hexagon	key up	23637770	Left
Super Hexagon	key down	23639346	Left
Super Hexagon	key up	23639455	Left
Super Hexagon	key down	23640095	Right
Super Hexagon	key up	23640235	Right
Super Hexagon	key down	23640672	Right
Super Hexagon	key up	23640859	Right
Super Hexagon	key down	23641296	Left
Super Hexagon	key up	23641530	Left
Super Hexagon	key down	23641889	Right
Super Hexagon	key up	23642091	Right
Super Hexagon	key down	23642419	Left
Super Hexagon	key up	23642700	Left
Super Hexagon	key down	23643324	Right
Super Hexagon	key up	23643386	Right
Super Hexagon	key down	23643870	Left
Super Hexagon	key up	23644229	Left
Super Hexagon	key down	23644650	Right
Super Hexagon	key up	23644946	Right
Super Hexagon	key down	23645570	Right
Super Hexagon	key up	23645851	Right
Super Hexagon	key down	23646366	Left
Super Hexagon	key up	23646428	Left
Super Hexagon	key down	23646647	Left
Super Hexagon	key up	23646974	Left
Super Hexagon	key down	23647271	Left
Super Hexagon	key up	23647411	Left
Super Hexagon	key down	23649049	Left
Super Hexagon	key up	23649189	Left
Super Hexagon	key down	23650484	Left
Super Hexagon	key up	23650921	Left
Super Hexagon	key down	23651389	Left
Super Hexagon	key up	23651810	Left
Super Hexagon	key down	23655586	Left
Super Hexagon	key up	23655913	Left
Super Hexagon	key down	23656288	Right
Super Hexagon	key up	23656631	Right
Super Hexagon	key down	23657052	Left
Super Hexagon	key up	23657224	Left
Super Hexagon	key down	23657848	Right
Super Hexagon	key up	23658160	Right
Super Hexagon	key down	23659766	Left
Super Hexagon	key up	23660188	Left
Super Hexagon	key down	23660562	Left
Super Hexagon	key up	23660968	Left
Super Hexagon	key down	23661467	Right
Super Hexagon	key up	23661748	Right
Super Hexagon	key down	23662153	Left
Super Hexagon	key up	23662418	Left
Super Hexagon	key down	23663604	Right
Super Hexagon	key up	23663744	Right
Super Hexagon	key down	23664103	Right
Super Hexagon	key up	23664743	Right
